-- phpMyAdmin SQL Dump
-- version 4.8.5
-- https://www.phpmyadmin.net/
--
-- Хост: 127.0.0.1:3306
-- Время создания: Янв 21 2020 г., 19:13
-- Версия сервера: 10.3.13-MariaDB
-- Версия PHP: 7.3.2

SET SQL_MODE = "NO_AUTO_VALUE_ON_ZERO";
SET AUTOCOMMIT = 0;
START TRANSACTION;
SET time_zone = "+00:00";


/*!40101 SET @OLD_CHARACTER_SET_CLIENT=@@CHARACTER_SET_CLIENT */;
/*!40101 SET @OLD_CHARACTER_SET_RESULTS=@@CHARACTER_SET_RESULTS */;
/*!40101 SET @OLD_COLLATION_CONNECTION=@@COLLATION_CONNECTION */;
/*!40101 SET NAMES utf8mb4 */;

--
-- База данных: `schedule`
--

-- --------------------------------------------------------

--
-- Структура таблицы `changes`
--

CREATE TABLE `changes` (
  `id` int(11) NOT NULL,
  `group_id` int(11) NOT NULL,
  `day` date NOT NULL,
  `num` int(11) NOT NULL,
  `subject` varchar(255) NOT NULL,
  `cab` varchar(90) DEFAULT NULL,
  `teacher` varchar(255) DEFAULT NULL,
  `is_main` int(11) DEFAULT NULL
) ENGINE=InnoDB DEFAULT CHARSET=utf8;

--
-- Дамп данных таблицы `changes`
--

INSERT INTO `changes` (`id`, `group_id`, `day`, `num`, `subject`, `cab`, `teacher`, `is_main`) VALUES
(1, 2, '2019-12-11', 1, 'сабақ кестесі бойынша', NULL, NULL, 1),
(2, 2, '2019-12-11', 2, 'сабақ кестесі бойынша', NULL, NULL, 1),
(3, 2, '2019-12-11', 3, 'сабақ кестесі бойынша', NULL, NULL, 1),
(4, 2, '2019-12-11', 4, 'сабақ кестесі бойынша', NULL, NULL, 1),
(5, 2, '2019-12-11', 5, 'Өлкетану факультативі Солтанова А.М.', NULL, NULL, NULL),
(6, 3, '2019-12-11', 1, 'урок по основному расписанию', NULL, NULL, 1),
(7, 3, '2019-12-11', 2, 'урок по основному расписанию', NULL, NULL, 1),
(8, 3, '2019-12-11', 3, 'Физическая культура Косбармаков А.Д./Серёгина Е.А.', NULL, NULL, NULL),
(9, 3, '2019-12-11', 4, 'Иностранный язык Шнайдер С.А./Куршакова М.В.', NULL, NULL, NULL),
(10, 4, '2019-12-11', 1, 'Саясат. және әлеумет. негіз. Солтанова А.М.', NULL, NULL, NULL),
(11, 4, '2019-12-11', 2, 'Электротехниканың теориялық негіздері Канагатова М.С.', NULL, NULL, NULL),
(12, 4, '2019-12-11', 3, 'Кәсіптік шет тілі Шнайдер С.А.', NULL, NULL, NULL),
(13, 4, '2019-12-11', 4, 'Математика Саденова Р.Ж.', NULL, NULL, NULL),
(14, 11, '2019-12-11', 1, 'Математика Саденова Р.Ж.', NULL, NULL, NULL),
(15, 11, '2019-12-11', 2, 'сабақ кестесі бойынша', NULL, NULL, 1),
(16, 11, '2019-12-11', 3, 'География  Солтанова А.М.', NULL, NULL, NULL),
(17, 11, '2019-12-11', 4, 'АӘД Кабдыгалиев Е.К.', NULL, NULL, NULL),
(18, 12, '2019-12-11', 1, 'сабақ кестесі бойынша', NULL, NULL, 1),
(19, 12, '2019-12-11', 2, 'Физика Хасенова А.Х.', NULL, NULL, NULL),
(20, 12, '2019-12-11', 3, 'сабақ кестесі бойынша', NULL, NULL, 1),
(21, 12, '2019-12-11', 4, 'Мәдениеттану Солтанова А.М.', NULL, NULL, NULL),
(22, 13, '2019-12-11', 1, '---', NULL, NULL, NULL),
(23, 13, '2019-12-11', 2, 'сабақ кестесі бойынша', NULL, NULL, 1),
(24, 13, '2019-12-11', 3, 'Қазақстан тарихы Кизатова Г.С.', NULL, NULL, NULL),
(25, 13, '2019-12-11', 4, 'АжБН Жакупова А.С./Шойтынов Д.Р.', NULL, NULL, NULL),
(26, 13, '2019-12-11', 5, 'Жоғары математика негіздері   Саденова Р.Ж.', NULL, NULL, NULL),
(27, 14, '2019-12-11', 1, '---', NULL, NULL, NULL),
(28, 14, '2019-12-11', 2, 'Саясат. және әлеумет. негіз. Солтанова А.М.', NULL, NULL, NULL),
(29, 14, '2019-12-11', 3, 'сабақ кестесі бойынша', NULL, NULL, 1),
(30, 14, '2019-12-11', 4, ' Дене тәрбиесі Косбармаков А.Д.', NULL, NULL, NULL),
(31, 14, '2019-12-11', 5, 'КГжГ  Шойтынов Д.Р.', NULL, NULL, NULL),
(32, 15, '2019-12-11', 1, 'Бухгалтерлік есеп Жуматаева Р.К.', NULL, NULL, NULL),
(33, 15, '2019-12-11', 2, 'сабақ кестесі бойынша', NULL, NULL, 1),
(34, 15, '2019-12-11', 3, 'сабақ кестесі бойынша', NULL, NULL, 1),
(35, 15, '2019-12-11', 4, 'сабақ кестесі бойынша', NULL, NULL, 1),
(36, 15, '2019-12-11', 5, '---', NULL, NULL, NULL),
(37, 16, '2019-12-11', 1, 'Иностранный язык                                                                                                               Шнайдер С.А./Мустафин Е.Е.', NULL, NULL, NULL),
(38, 16, '2019-12-11', 2, 'урок по основному расписанию', NULL, NULL, 1),
(39, 16, '2019-12-11', 3, 'урок по основному расписанию', NULL, NULL, 1),
(40, 16, '2019-12-11', 4, 'Химия Каримова Т.Т.', NULL, NULL, NULL),
(41, 17, '2019-12-11', 1, 'Физика Хасенова А.Х.', NULL, NULL, NULL),
(42, 17, '2019-12-11', 2, 'Казахская литература Омарова К.А.', NULL, NULL, NULL),
(43, 17, '2019-12-11', 3, 'Иностранный язык Куршакова М.В./Мустафин Е.Е.', NULL, NULL, NULL),
(44, 17, '2019-12-11', 4, 'Основы экономики  Жумалиева Е.С.', NULL, NULL, NULL),
(45, 17, '2019-12-11', 5, 'Самопознание Льясова А.А.', NULL, NULL, NULL),
(46, 18, '2019-12-11', 1, 'урок по основному расписанию', NULL, NULL, 1),
(47, 18, '2019-12-11', 2, 'Иностранный язык Шнайдер С.А./Куршакова М.В.', NULL, NULL, NULL),
(48, 18, '2019-12-11', 3, 'урок по основному расписанию', NULL, NULL, 1),
(49, 18, '2019-12-11', 4, 'Физическая культура Алданов Р.А./Серёгина Е.А.', NULL, NULL, NULL),
(50, 19, '2019-12-11', 1, '---', NULL, NULL, NULL),
(51, 19, '2019-12-11', 2, 'урок по основному расписанию', NULL, NULL, 1),
(52, 19, '2019-12-11', 3, 'урок по основному расписанию', NULL, NULL, 1),
(53, 19, '2019-12-11', 4, 'урок по основному расписанию', NULL, NULL, 1),
(54, 19, '2019-12-11', 5, 'Профессиональный иностранный язык Куршакова М.В./Мустафин Е.Е.', NULL, NULL, NULL),
(55, 20, '2019-12-11', 1, 'История Казахстана Кизатова Г.С.', NULL, NULL, NULL),
(56, 20, '2019-12-11', 2, 'Математика Комарова Н.В.', NULL, NULL, NULL),
(57, 20, '2019-12-11', 3, 'Осн. политологии и социлогии Льясова А.А.', NULL, NULL, NULL),
(58, 20, '2019-12-11', 4, 'Казахский язык Абышева А.М./Омарова К.А.', NULL, NULL, NULL),
(59, 21, '2019-12-11', 1, 'урок по основному расписанию', NULL, NULL, 1),
(60, 21, '2019-12-11', 2, 'урок по основному расписанию', NULL, NULL, 1),
(61, 21, '2019-12-11', 3, 'урок по основному расписанию', NULL, NULL, 1),
(62, 21, '2019-12-11', 4, 'Этика и псих.дел.отношений Муканова Д.Ж.', NULL, NULL, NULL),
(63, 22, '2019-12-11', 1, 'ИСВКиПД  Шойтынов Д.Р.', NULL, NULL, NULL),
(64, 22, '2019-12-11', 2, 'урок по основному расписанию', NULL, NULL, 1),
(65, 22, '2019-12-11', 3, 'Основы высшей математики Саденова Р.Ж.', NULL, NULL, NULL),
(66, 22, '2019-12-11', 4, 'урок по основному расписанию', NULL, NULL, 1),
(67, 23, '2019-12-11', 1, 'ОАиП Жалпаков Т.Т.', NULL, NULL, NULL),
(68, 23, '2019-12-11', 2, 'А в ИС Зайнутдинов Э.Ф.', NULL, NULL, NULL),
(69, 23, '2019-12-11', 3, 'урок по основному расписанию', NULL, NULL, 1),
(70, 23, '2019-12-11', 4, 'урок по основному расписанию', NULL, NULL, 1),
(71, 24, '2019-12-11', 1, 'урок по основному расписанию', NULL, NULL, 1),
(72, 24, '2019-12-11', 2, 'Физическая культура Косбармаков А.Д./Серёгина Е.А.', NULL, NULL, NULL),
(73, 24, '2019-12-11', 3, 'урок по основному расписанию', NULL, NULL, 1),
(74, 24, '2019-12-11', 4, 'урок по основному расписанию', NULL, NULL, 1);

-- --------------------------------------------------------

--
-- Структура таблицы `cikls`
--

CREATE TABLE `cikls` (
  `id` int(11) NOT NULL,
  `name` varchar(255) DEFAULT NULL,
  `short_name` varchar(10) DEFAULT NULL,
  `name_kz` varchar(255) DEFAULT NULL,
  `short_name_kz` varchar(10) DEFAULT NULL
) ENGINE=InnoDB DEFAULT CHARSET=utf8;

--
-- Дамп данных таблицы `cikls`
--

INSERT INTO `cikls` (`id`, `name`, `short_name`, `name_kz`, `short_name_kz`) VALUES
(1, 'общеобразовательные дисциплины', 'ООД', NULL, NULL),
(2, 'общегуманитарные дисциплины', 'ОГД', NULL, NULL),
(3, 'социально-экономические дисциплины', 'СЭД', NULL, NULL),
(4, 'общепрофессиональные дисциплины', 'ОПД', NULL, NULL),
(5, 'специальные дисциплины', 'СД', NULL, NULL),
(6, 'профессиональная практика', 'ПП', NULL, NULL),
(7, 'консультации', NULL, NULL, NULL),
(8, 'факультатив', NULL, NULL, NULL),
(9, 'экзамены', NULL, NULL, NULL),
(10, 'Дисциплины, определяемая организацией образования', 'ООД', NULL, NULL);

-- --------------------------------------------------------

--
-- Структура таблицы `college_graphics`
--

CREATE TABLE `college_graphics` (
  `id` int(11) NOT NULL,
  `year` int(11) NOT NULL,
  `start1` date DEFAULT NULL,
  `end1` date DEFAULT NULL,
  `start2` date DEFAULT NULL,
  `end2` date DEFAULT NULL
) ENGINE=InnoDB DEFAULT CHARSET=utf8;

--
-- Дамп данных таблицы `college_graphics`
--

INSERT INTO `college_graphics` (`id`, `year`, `start1`, `end1`, `start2`, `end2`) VALUES
(2, 2019, '2019-09-02', '2020-01-12', '2020-01-27', '2020-06-28');

-- --------------------------------------------------------

--
-- Структура таблицы `departments`
--

CREATE TABLE `departments` (
  `id` int(11) NOT NULL,
  `name` varchar(255) NOT NULL
) ENGINE=InnoDB DEFAULT CHARSET=utf8;

--
-- Дамп данных таблицы `departments`
--

INSERT INTO `departments` (`id`, `name`) VALUES
(1, 'Информационные технологии'),
(2, 'Электротехника');

-- --------------------------------------------------------

--
-- Структура таблицы `groups`
--

CREATE TABLE `groups` (
  `id` int(11) NOT NULL,
  `name` varchar(255) NOT NULL,
  `department_id` int(11) NOT NULL,
  `lang_id` int(11) DEFAULT NULL,
  `year_create` int(11) NOT NULL
) ENGINE=InnoDB DEFAULT CHARSET=utf8;

--
-- Дамп данных таблицы `groups`
--

INSERT INTO `groups` (`id`, `name`, `department_id`, `lang_id`, `year_create`) VALUES
(1, 'ИС-426', 1, 2, 2016),
(2, 'ТЭ-139к', 2, 1, 2019),
(3, 'ТЭ-149р', 2, 2, 2019),
(4, 'ТЭ-218к', 2, 1, 2018),
(5, 'ТЭ-228р', 2, 2, 2018),
(6, 'ЭЛ-327', 2, 2, 2017),
(7, 'ТЭ-317к', 2, 1, 2017),
(8, 'ТЭ-327р', 2, 2, 2017),
(9, 'ТЭ-416к', 2, 1, 2016),
(10, 'ТЭ-426р', 2, 2, 2016),
(11, 'АЖ-119', 1, 1, 2019),
(12, 'ЕТ-159', 1, 1, 2019),
(13, 'АЖ-279', 1, 1, 2019),
(14, 'АЖ-218', 1, 1, 2018),
(15, 'АЖ-317', 1, 1, 2017),
(16, 'ИС-129', 1, 2, 2019),
(17, 'ВТ-169', 1, 2, 2019),
(18, 'М-129', 1, 2, 2019),
(19, 'ИС-228', 1, 2, 2018),
(20, 'ИС-248', 1, 2, 2018),
(21, 'М-228', 1, 2, 2018),
(22, 'ИС-388', 1, 2, 2018),
(23, 'ИС-327', 1, 2, 2017),
(24, 'ИС-337', 1, 2, 2017),
(25, 'ИС-436', 1, 2, 2016),
(26, 'АЖ-378', 1, 1, 2018),
(27, 'АЖ-416', 1, 1, 2016),
(28, 'АЖ-417', 1, 1, 2017);

-- --------------------------------------------------------

--
-- Структура таблицы `langs`
--

CREATE TABLE `langs` (
  `id` int(11) NOT NULL,
  `name` varchar(255) NOT NULL
) ENGINE=InnoDB DEFAULT CHARSET=utf8;

--
-- Дамп данных таблицы `langs`
--

INSERT INTO `langs` (`id`, `name`) VALUES
(1, 'Казахский'),
(2, 'Русский');

-- --------------------------------------------------------

--
-- Структура таблицы `plans`
--

CREATE TABLE `plans` (
  `id` int(11) NOT NULL,
  `group_id` int(11) NOT NULL,
  `subject_id` int(11) NOT NULL,
  `teacher_id` int(11) DEFAULT NULL,
  `cikl_id` int(11) DEFAULT NULL,
  `shifr` varchar(50) DEFAULT NULL,
  `shifr_kz` varchar(50) DEFAULT NULL,
  `semestr` int(11) NOT NULL,
  `is_exam` int(11) DEFAULT NULL,
  `is_zachet` int(11) DEFAULT NULL,
  `is_project` int(11) DEFAULT NULL,
  `controls` int(11) DEFAULT NULL,
  `total` int(11) DEFAULT NULL,
  `theory_main` int(11) DEFAULT NULL,
  `practice_main` int(11) DEFAULT NULL,
  `theory` int(11) DEFAULT NULL,
  `practice` int(11) DEFAULT NULL,
  `lab` int(11) DEFAULT NULL,
  `project` int(11) DEFAULT NULL,
  `exam` int(11) DEFAULT NULL,
  `consul` int(11) DEFAULT NULL,
  `subgroup` int(11) NOT NULL DEFAULT 0,
  `weeks` int(11) DEFAULT NULL
) ENGINE=InnoDB DEFAULT CHARSET=utf8;

--
-- Дамп данных таблицы `plans`
--

INSERT INTO `plans` (`id`, `group_id`, `subject_id`, `teacher_id`, `cikl_id`, `shifr`, `shifr_kz`, `semestr`, `is_exam`, `is_zachet`, `is_project`, `controls`, `total`, `theory_main`, `practice_main`, `theory`, `practice`, `lab`, `project`, `exam`, `consul`, `subgroup`, `weeks`) VALUES
(130, 1, 1, NULL, 1, 'ООД 01', 'ООД 01', 1, NULL, NULL, NULL, 1, 38, NULL, 112, NULL, 38, NULL, NULL, NULL, NULL, 0, NULL),
(131, 1, 1, NULL, 1, 'ООД 01', 'ООД 01', 2, NULL, NULL, NULL, 1, 38, NULL, 112, 0, 38, NULL, NULL, NULL, NULL, 0, NULL),
(132, 1, 1, NULL, 1, 'ООД 01', 'ООД 01', 3, 1, NULL, NULL, 1, 36, NULL, 112, 0, 36, NULL, NULL, 3, 2, 0, NULL),
(133, 1, 2, NULL, 1, 'ООД 01', 'ООД 01', 1, NULL, NULL, NULL, NULL, 38, NULL, 58, NULL, 38, NULL, NULL, NULL, NULL, 0, NULL),
(134, 1, 2, NULL, 1, 'ООД 01', 'ООД 01', 2, NULL, 1, NULL, NULL, 20, NULL, 58, 0, 20, NULL, NULL, NULL, NULL, 0, NULL),
(135, 1, 3, NULL, 1, 'ООД 02', 'ООД 02', 1, NULL, NULL, NULL, NULL, 38, 58, NULL, 38, NULL, NULL, NULL, NULL, NULL, 0, NULL),
(136, 1, 3, NULL, 1, 'ООД 02', 'ООД 02', 2, NULL, 1, NULL, NULL, 20, 58, NULL, 20, NULL, NULL, NULL, NULL, NULL, 0, NULL),
(137, 1, 4, NULL, 1, 'ООД 02', 'ООД 02', 1, NULL, NULL, NULL, 1, 38, 112, NULL, 38, NULL, NULL, NULL, NULL, NULL, 0, NULL),
(138, 1, 4, NULL, 1, 'ООД 02', 'ООД 02', 2, NULL, NULL, NULL, 1, 38, 112, NULL, 38, NULL, NULL, NULL, NULL, NULL, 0, NULL),
(139, 1, 4, NULL, 1, 'ООД 02', 'ООД 02', 3, 1, NULL, NULL, 1, 36, 112, NULL, 36, NULL, NULL, NULL, 3, 2, 0, NULL),
(140, 1, 5, NULL, 1, 'ООД 03', 'ООД 03', 1, NULL, NULL, NULL, 1, 80, NULL, 164, NULL, 80, NULL, NULL, NULL, NULL, 0, NULL),
(141, 1, 5, NULL, 1, 'ООД 03', 'ООД 03', 2, NULL, 1, NULL, 1, 84, NULL, 164, 0, 84, NULL, NULL, NULL, NULL, 0, NULL),
(142, 1, 6, NULL, 1, 'ООД 04', 'ООД 04', 1, NULL, 1, NULL, 1, 38, 38, NULL, 38, NULL, NULL, NULL, NULL, NULL, 0, NULL),
(143, 1, 7, NULL, 1, 'ООД 05', 'ООД 05', 2, NULL, NULL, NULL, 1, 38, 88, NULL, 38, NULL, NULL, NULL, NULL, NULL, 0, NULL),
(144, 1, 7, NULL, 1, 'ООД 05', 'ООД 05', 3, 1, NULL, NULL, 1, 50, 88, NULL, 50, NULL, NULL, NULL, 3, 2, 0, NULL),
(145, 1, 8, NULL, 1, 'ООД 06', 'ООД 06', 2, NULL, 1, NULL, 1, 38, 38, NULL, 38, NULL, NULL, NULL, NULL, NULL, 0, NULL),
(146, 1, 9, NULL, 1, 'ООД 07', 'ООД 07', 1, NULL, NULL, NULL, 1, 38, 148, 4, 38, NULL, NULL, NULL, NULL, NULL, 0, NULL),
(147, 1, 9, NULL, 1, 'ООД 07', 'ООД 07', 2, NULL, NULL, NULL, 1, 38, 148, 4, 38, NULL, NULL, NULL, NULL, NULL, 0, NULL),
(148, 1, 9, NULL, 1, 'ООД 07', 'ООД 07', 3, 1, NULL, NULL, 1, 76, 148, 4, 72, 4, NULL, NULL, 3, 2, 0, NULL),
(149, 1, 10, NULL, 1, 'ООД 08', 'ООД 08', 1, NULL, NULL, NULL, 1, 38, 46, 30, 38, NULL, NULL, NULL, NULL, NULL, 0, NULL),
(150, 1, 10, NULL, 1, 'ООД 08', 'ООД 08', 2, NULL, 1, NULL, 1, 38, 46, 30, 8, 30, NULL, NULL, NULL, NULL, 0, NULL),
(151, 1, 11, NULL, 1, 'ООД 09', 'ООД 09', 1, NULL, NULL, NULL, 1, 38, 114, 30, 38, NULL, NULL, NULL, NULL, NULL, 0, NULL),
(152, 1, 11, NULL, 1, 'ООД 09', 'ООД 09', 2, NULL, NULL, NULL, 1, 38, 114, 30, 38, NULL, NULL, NULL, NULL, NULL, 0, NULL),
(153, 1, 11, NULL, 1, 'ООД 09', 'ООД 09', 3, 1, NULL, NULL, 1, 68, 114, 30, 38, 30, NULL, NULL, 3, 2, 0, NULL),
(154, 1, 12, NULL, 1, 'ООД 10', 'ООД 10', 1, NULL, NULL, NULL, 1, 40, 54, 26, 40, NULL, NULL, NULL, NULL, NULL, 0, NULL),
(155, 1, 12, NULL, 1, 'ООД 10', 'ООД 10', 2, NULL, 1, NULL, 1, 40, 54, 26, 14, 26, NULL, NULL, NULL, NULL, 0, NULL),
(156, 1, 13, NULL, 1, 'ООД 11', 'ООД 11', 2, NULL, 1, NULL, 1, 38, 38, NULL, 38, NULL, NULL, NULL, NULL, NULL, 0, NULL),
(157, 1, 14, NULL, 1, 'ООД 12', 'ООД 12', 1, NULL, 1, NULL, 1, 38, 38, NULL, 38, NULL, NULL, NULL, NULL, NULL, 0, NULL),
(158, 1, 15, NULL, 1, 'ООД 13', 'ООД 13', 1, NULL, NULL, NULL, 1, 32, 64, NULL, 32, NULL, NULL, NULL, NULL, NULL, 0, NULL),
(159, 1, 15, NULL, 1, 'ООД 13', 'ООД 13', 2, NULL, 1, NULL, 1, 32, 64, NULL, 32, NULL, NULL, NULL, NULL, NULL, 0, NULL),
(160, 1, 16, NULL, 1, 'ООД 13', 'ООД 13', 2, NULL, NULL, NULL, NULL, 36, NULL, 36, NULL, 36, NULL, NULL, NULL, NULL, 0, NULL),
(161, 1, 17, NULL, 1, 'ООД 14', 'ООД 14', 1, NULL, NULL, NULL, 1, 74, NULL, 152, NULL, 74, NULL, NULL, NULL, NULL, 0, NULL),
(162, 1, 17, NULL, 1, 'ООД 14', 'ООД 14', 2, NULL, 1, NULL, 1, 78, NULL, 152, 0, 78, NULL, NULL, NULL, NULL, 0, NULL),
(163, 1, 18, NULL, 2, 'ОГД 01', 'ОГД 01', 4, NULL, NULL, NULL, 1, 20, NULL, 92, NULL, 20, NULL, NULL, NULL, NULL, 0, NULL),
(164, 1, 18, NULL, 2, 'ОГД 01', 'ОГД 01', 5, NULL, 1, NULL, 1, 72, NULL, 92, 0, 72, NULL, NULL, NULL, NULL, 0, NULL),
(165, 1, 19, NULL, 2, 'ОГД 02', 'ОГД 02', 3, NULL, NULL, NULL, 1, 34, NULL, 80, NULL, 34, NULL, NULL, NULL, NULL, 0, NULL),
(166, 1, 19, NULL, 2, 'ОГД 02', 'ОГД 02', 4, NULL, 1, NULL, 1, 46, NULL, 80, 0, 46, NULL, NULL, NULL, NULL, 0, NULL),
(167, 1, 17, NULL, 2, 'ОГД 03', 'ОГД 03', 3, NULL, NULL, NULL, 1, 68, NULL, 260, NULL, 68, NULL, NULL, NULL, NULL, 0, NULL),
(168, 1, 17, NULL, 2, 'ОГД 03', 'ОГД 03', 4, NULL, NULL, NULL, 1, 40, NULL, 260, 0, 40, NULL, NULL, NULL, NULL, 0, NULL),
(169, 1, 17, NULL, 2, 'ОГД 03', 'ОГД 03', 5, NULL, NULL, NULL, NULL, 72, NULL, 260, 0, 72, NULL, NULL, NULL, NULL, 0, NULL),
(170, 1, 17, NULL, 2, 'ОГД 03', 'ОГД 03', 6, NULL, NULL, NULL, 1, 36, NULL, 260, 0, 36, NULL, NULL, NULL, NULL, 0, NULL),
(171, 1, 17, NULL, 2, 'ОГД 03', 'ОГД 03', 7, 1, NULL, NULL, 1, 44, NULL, 260, 0, 44, NULL, NULL, 3, 2, 0, NULL),
(172, 1, 20, NULL, 3, 'СЭД 01', 'СЭД 01', 1, NULL, 1, NULL, 1, 38, 38, NULL, 38, NULL, NULL, NULL, NULL, NULL, 0, NULL),
(173, 1, 21, NULL, 3, 'СЭД 02', 'СЭД 02', 3, NULL, 1, NULL, 1, 30, 30, NULL, 30, NULL, NULL, NULL, NULL, NULL, 0, NULL),
(174, 1, 22, NULL, 3, 'СЭД 03', 'СЭД 03', 2, NULL, 1, NULL, 1, 36, 36, NULL, 36, NULL, NULL, NULL, NULL, NULL, 0, NULL),
(175, 1, 23, NULL, 3, 'СЭД 04', 'СЭД 04', 1, NULL, 1, NULL, 1, 38, 38, NULL, 38, NULL, NULL, NULL, NULL, NULL, 0, NULL),
(176, 1, 24, NULL, 3, 'СЭД 05', 'СЭД 05', 1, NULL, 1, NULL, 1, 38, 38, NULL, 38, NULL, NULL, NULL, NULL, NULL, 0, NULL),
(177, 1, 25, NULL, 4, 'ОПД 01', 'ОПД 01', 6, NULL, NULL, NULL, 1, 44, 38, 28, 38, 6, NULL, NULL, NULL, NULL, 0, NULL),
(178, 1, 25, NULL, 4, 'ОПД 01', 'ОПД 01', 7, NULL, 1, NULL, NULL, 22, 38, 28, 0, 22, NULL, NULL, NULL, NULL, 0, NULL),
(179, 1, 26, NULL, 4, 'ОПД 02', 'ОПД 02', 4, NULL, NULL, NULL, 1, 86, 132, 62, 86, NULL, NULL, NULL, NULL, NULL, 0, NULL),
(180, 1, 26, NULL, 4, 'ОПД 02', 'ОПД 02', 5, 1, NULL, NULL, 1, 108, 132, 62, 46, 62, NULL, NULL, 3, 2, 0, NULL),
(181, 1, 27, NULL, 4, 'ОПД 03', 'ОПД 03', 5, NULL, NULL, NULL, 1, 34, 44, 10, 34, NULL, NULL, NULL, NULL, NULL, 0, NULL),
(182, 1, 27, NULL, 4, 'ОПД 03', 'ОПД 03', 6, NULL, 1, NULL, NULL, 20, 44, 10, 10, 10, NULL, NULL, NULL, NULL, 0, NULL),
(183, 1, 28, NULL, 4, 'ОПД 04', 'ОПД 04', 4, NULL, NULL, NULL, 1, 20, 34, 20, 20, NULL, NULL, NULL, NULL, NULL, 0, NULL),
(184, 1, 28, NULL, 4, 'ОПД 04', 'ОПД 04', 5, NULL, 1, NULL, NULL, 34, 34, 20, 14, 20, NULL, NULL, NULL, NULL, 0, NULL),
(185, 1, 29, NULL, 4, 'ОПД 05', 'ОПД 05', 3, NULL, NULL, NULL, 1, 50, 40, 30, 40, 10, NULL, NULL, NULL, NULL, 0, NULL),
(186, 1, 29, NULL, 4, 'ОПД 05', 'ОПД 05', 4, 1, NULL, NULL, NULL, 20, 40, 30, 0, 20, NULL, NULL, 3, 2, 0, NULL),
(187, 1, 30, NULL, 4, 'ОПД 06', 'ОПД 06', 3, NULL, NULL, NULL, 1, 34, 58, 18, 34, NULL, NULL, NULL, NULL, NULL, 0, NULL),
(188, 1, 30, NULL, 4, 'ОПД 06', 'ОПД 06', 4, 1, NULL, NULL, 1, 42, 58, 18, 24, 18, NULL, NULL, 3, 2, 0, NULL),
(189, 1, 31, NULL, 4, 'ОПД 07', 'ОПД 07', 3, NULL, 1, NULL, 1, 34, 14, 20, 14, 20, NULL, NULL, NULL, NULL, 0, NULL),
(190, 1, 32, NULL, 4, 'ОПД 08', 'ОПД 08', 3, NULL, 1, NULL, 1, 50, 20, 30, 20, 30, NULL, NULL, NULL, NULL, 0, NULL),
(191, 1, 33, NULL, 4, 'ОПД 09', 'ОПД 09', 7, NULL, 1, NULL, 1, 44, 34, 10, 34, 10, NULL, NULL, NULL, NULL, 0, NULL),
(192, 1, 34, NULL, 5, 'СД 01', 'СД 01', 3, NULL, NULL, NULL, 1, 46, 90, 52, 46, NULL, NULL, NULL, NULL, NULL, 0, NULL),
(193, 1, 34, NULL, 5, 'СД 01', 'СД 01', 4, NULL, NULL, NULL, 1, 24, 90, 52, 24, NULL, NULL, NULL, NULL, NULL, 0, NULL),
(194, 1, 34, NULL, 5, 'СД 01', 'СД 01', 5, 1, NULL, 1, NULL, 108, 90, 52, 20, 52, NULL, 36, 3, 2, 0, NULL),
(195, 1, 35, NULL, 5, 'СД 02', 'СД 02', 5, NULL, NULL, NULL, 1, 36, 52, 20, 36, NULL, NULL, NULL, NULL, NULL, 0, NULL),
(196, 1, 35, NULL, 5, 'СД 02', 'СД 02', 6, 1, NULL, NULL, 1, 36, 52, 20, 16, 20, NULL, NULL, 3, 2, 0, NULL),
(197, 1, 36, NULL, 5, 'СД 03', 'СД 03', 6, NULL, NULL, NULL, 1, 36, 50, 30, 36, NULL, NULL, NULL, NULL, NULL, 0, NULL),
(198, 1, 36, NULL, 5, 'СД 03', 'СД 03', 7, 1, NULL, NULL, NULL, 44, 50, 30, 14, 30, NULL, NULL, 3, 2, 0, NULL),
(199, 1, 37, NULL, 5, 'СД 04', 'СД 04', 5, NULL, NULL, NULL, 1, 54, 66, 24, 54, NULL, NULL, NULL, NULL, NULL, 0, NULL),
(200, 1, 37, NULL, 5, 'СД 04', 'СД 04', 6, 1, NULL, NULL, NULL, 36, 66, 24, 12, 24, NULL, NULL, 3, 2, 0, NULL),
(201, 1, 38, NULL, 5, 'СД 05', 'СД 05', 6, NULL, NULL, NULL, 1, 36, 52, 28, 36, NULL, NULL, NULL, NULL, NULL, 0, NULL),
(202, 1, 38, NULL, 5, 'СД 05', 'СД 05', 7, 1, NULL, NULL, NULL, 44, 52, 28, 16, 28, NULL, NULL, 3, 2, 0, NULL),
(203, 1, 39, NULL, 5, 'СД 06', 'СД 06', 2, NULL, 1, NULL, NULL, 72, 58, 14, 58, 14, NULL, NULL, NULL, NULL, 0, NULL),
(204, 1, 40, NULL, 5, 'СД 07', 'СД 07', 6, NULL, NULL, NULL, 1, 34, 48, 30, 34, NULL, NULL, NULL, NULL, NULL, 0, NULL),
(205, 1, 40, NULL, 5, 'СД 07', 'СД 07', 7, 1, NULL, NULL, NULL, 44, 48, 30, 14, 30, NULL, NULL, 3, 2, 0, NULL),
(206, 1, 41, NULL, 5, 'СД 08', 'СД 08', 6, NULL, NULL, NULL, 1, 26, 28, 20, 26, NULL, NULL, NULL, NULL, NULL, 0, NULL),
(207, 1, 41, NULL, 5, 'СД 08', 'СД 08', 7, NULL, 1, NULL, NULL, 22, 28, 20, 2, 20, NULL, NULL, NULL, NULL, 0, NULL),
(208, 1, 42, NULL, 5, 'СД 09', 'СД 09', 4, NULL, 1, NULL, NULL, 32, 8, 24, 8, 24, NULL, NULL, NULL, NULL, 0, NULL),
(209, 1, 43, NULL, 5, 'СД 10', 'СД 10', 4, NULL, NULL, NULL, 1, 30, 98, 46, 30, NULL, NULL, NULL, NULL, NULL, 0, NULL),
(210, 1, 43, NULL, 5, 'СД 10', 'СД 10', 5, NULL, NULL, NULL, 1, 74, 98, 46, 68, 6, NULL, NULL, NULL, NULL, 0, NULL),
(211, 1, 43, NULL, 5, 'СД 10', 'СД 10', 6, NULL, NULL, NULL, NULL, 20, 98, 46, 0, 20, NULL, NULL, NULL, NULL, 0, NULL),
(212, 1, 43, NULL, 5, 'СД 10', 'СД 10', 7, 1, NULL, 1, 1, 40, 98, 46, 0, 20, NULL, 20, 3, 2, 0, NULL),
(213, 1, 44, NULL, 5, 'СД 11', 'СД 11', 5, NULL, 1, NULL, 1, 56, 38, 18, 38, 18, NULL, NULL, NULL, NULL, 0, NULL),
(214, 1, 45, NULL, 5, 'СД 12', 'СД 12', 7, NULL, 1, NULL, 1, 44, 36, 8, 36, 8, NULL, NULL, NULL, NULL, 0, NULL),
(215, 1, 66, NULL, 5, 'ДОО.00', 'ДОО.00', 7, NULL, 1, NULL, 1, 48, 48, NULL, 48, NULL, NULL, NULL, NULL, NULL, 0, NULL),
(216, 1, 46, NULL, 6, 'ПП 01', 'ПП 01', 2, NULL, NULL, NULL, NULL, 36, NULL, 72, NULL, 36, NULL, NULL, NULL, NULL, 0, NULL),
(217, 1, 46, NULL, 6, 'ПП 01', 'ПП 01', 4, NULL, NULL, NULL, NULL, 36, NULL, 72, 0, 36, NULL, NULL, NULL, NULL, 0, NULL),
(218, 1, 39, NULL, 6, 'ПП 02', 'ПП 02', 4, NULL, NULL, NULL, NULL, 72, NULL, 72, NULL, 72, NULL, NULL, NULL, NULL, 0, NULL),
(219, 1, 35, NULL, 6, 'ПП 03', 'ПП 03', 6, NULL, NULL, NULL, NULL, 72, NULL, 72, NULL, 72, NULL, NULL, NULL, NULL, 0, NULL),
(220, 1, 47, NULL, 6, 'ПП 04', 'ПП 04', 6, NULL, NULL, NULL, NULL, 108, NULL, 108, NULL, 108, NULL, NULL, NULL, NULL, 0, NULL),
(221, 1, 48, NULL, 6, 'ПП 05', 'ПП 05', 6, NULL, NULL, NULL, NULL, 144, NULL, 144, NULL, 144, NULL, NULL, NULL, NULL, 0, NULL),
(222, 1, 49, NULL, 6, 'ПП 06', 'ПП 06', 6, NULL, NULL, NULL, NULL, 72, NULL, 72, NULL, 72, NULL, NULL, NULL, NULL, 0, NULL),
(223, 1, 50, NULL, 6, 'ПП 07', 'ПП 07', 4, NULL, NULL, NULL, NULL, 144, NULL, 144, NULL, 144, NULL, NULL, NULL, NULL, 0, NULL),
(224, 1, 51, NULL, 6, 'ПП 08', 'ПП 08', 4, NULL, NULL, NULL, NULL, 108, NULL, 108, NULL, 108, NULL, NULL, NULL, NULL, 0, NULL),
(225, 1, 52, NULL, 6, 'ПП 09', 'ПП 09', 8, NULL, NULL, NULL, NULL, 432, NULL, 432, NULL, 432, NULL, NULL, NULL, NULL, 0, NULL),
(226, 1, 53, NULL, 6, 'ПП 10', 'ПП 10', 8, NULL, NULL, NULL, NULL, 216, NULL, 216, NULL, 216, NULL, NULL, NULL, NULL, 0, NULL),
(227, 1, 54, NULL, 6, 'ПП 11', 'ПП 11', 8, NULL, NULL, NULL, NULL, 288, NULL, 288, NULL, 288, NULL, NULL, NULL, NULL, 0, NULL),
(228, 1, 63, NULL, 9, 'ПП 11', 'ПП 11', 3, NULL, NULL, NULL, NULL, 36, NULL, 216, NULL, 36, NULL, NULL, NULL, NULL, 0, NULL),
(229, 1, 63, NULL, 9, 'ПП 11', 'ПП 11', 4, NULL, NULL, NULL, NULL, 36, NULL, 216, 0, 36, NULL, NULL, NULL, NULL, 0, NULL),
(230, 1, 63, NULL, 9, 'ПП 11', 'ПП 11', 5, NULL, NULL, NULL, NULL, 36, NULL, 216, 0, 36, NULL, NULL, NULL, NULL, 0, NULL),
(231, 1, 63, NULL, 9, 'ПП 11', 'ПП 11', 6, NULL, NULL, NULL, NULL, 36, NULL, 216, 0, 36, NULL, NULL, NULL, NULL, 0, NULL),
(232, 1, 63, NULL, 9, 'ПП 11', 'ПП 11', 7, NULL, NULL, NULL, NULL, 72, NULL, 216, 0, 72, NULL, NULL, NULL, NULL, 0, NULL),
(233, 1, 64, NULL, 9, 'ПП 11', 'ПП 11', 8, NULL, NULL, NULL, NULL, 60, NULL, 60, NULL, 60, NULL, NULL, NULL, NULL, 0, NULL),
(234, 1, 65, NULL, 9, 'ПП 11', 'ПП 11', 8, NULL, NULL, NULL, NULL, 12, NULL, 12, NULL, 12, NULL, NULL, NULL, NULL, 0, NULL),
(235, 1, 56, NULL, 8, 'ПП 11', 'ПП 11', 1, NULL, NULL, NULL, NULL, 16, NULL, NULL, NULL, NULL, NULL, NULL, NULL, NULL, 0, NULL),
(236, 1, 56, NULL, 8, 'ПП 11', 'ПП 11', 2, NULL, NULL, NULL, NULL, 18, NULL, NULL, 0, 0, NULL, NULL, NULL, NULL, 0, NULL),
(237, 1, 56, NULL, 8, 'ПП 11', 'ПП 11', 3, NULL, NULL, NULL, NULL, 14, NULL, NULL, 0, 0, NULL, NULL, NULL, NULL, 0, NULL),
(238, 1, 56, NULL, 8, 'ПП 11', 'ПП 11', 4, NULL, NULL, NULL, NULL, 20, NULL, NULL, 0, 0, NULL, NULL, NULL, NULL, 0, NULL),
(239, 1, 57, NULL, 8, 'ПП 11', 'ПП 11', 2, NULL, NULL, NULL, NULL, 14, NULL, NULL, NULL, NULL, NULL, NULL, NULL, NULL, 0, NULL),
(240, 1, 58, NULL, 8, 'ПП 11', 'ПП 11', 3, NULL, NULL, NULL, NULL, 14, NULL, NULL, NULL, NULL, NULL, NULL, NULL, NULL, 0, NULL),
(241, 1, 59, NULL, 8, 'ПП 11', 'ПП 11', 7, NULL, NULL, NULL, NULL, 14, NULL, NULL, NULL, NULL, NULL, NULL, NULL, NULL, 0, NULL),
(242, 1, 60, NULL, 8, 'ПП 11', 'ПП 11', 5, NULL, NULL, NULL, NULL, 10, NULL, NULL, NULL, NULL, NULL, NULL, NULL, NULL, 0, NULL),
(243, 1, 61, NULL, 8, 'ПП 11', 'ПП 11', 6, NULL, NULL, NULL, NULL, 36, NULL, NULL, NULL, NULL, NULL, NULL, NULL, NULL, 0, NULL),
(244, 1, 62, NULL, 8, 'ПП 11', 'ПП 11', 1, NULL, NULL, NULL, NULL, 60, NULL, NULL, NULL, NULL, NULL, NULL, NULL, NULL, 0, NULL),
(245, 1, 62, NULL, 8, 'ПП 11', 'ПП 11', 2, NULL, NULL, NULL, NULL, 44, NULL, NULL, 0, 0, NULL, NULL, NULL, NULL, 0, NULL),
(246, 1, 62, NULL, 8, 'ПП 11', 'ПП 11', 3, NULL, NULL, NULL, NULL, 40, NULL, NULL, 0, 0, NULL, NULL, NULL, NULL, 0, NULL),
(247, 1, 62, NULL, 8, 'ПП 11', 'ПП 11', 4, NULL, NULL, NULL, NULL, 20, NULL, NULL, 0, 0, NULL, NULL, NULL, NULL, 0, NULL),
(248, 1, 62, NULL, 8, 'ПП 11', 'ПП 11', 5, NULL, NULL, NULL, NULL, 32, NULL, NULL, 0, 0, NULL, NULL, NULL, NULL, 0, NULL),
(249, 1, 62, NULL, 8, 'ПП 11', 'ПП 11', 7, NULL, NULL, NULL, NULL, 30, NULL, NULL, 0, 0, NULL, NULL, NULL, NULL, 0, NULL),
(250, 1, 62, NULL, 8, 'ПП 11', 'ПП 11', 8, NULL, NULL, NULL, NULL, 46, NULL, NULL, 0, 0, NULL, NULL, NULL, NULL, 0, NULL),
(251, 25, 1, NULL, 1, 'ООД 01', 'ООД 01', 1, NULL, NULL, NULL, 1, 38, NULL, 112, NULL, 38, NULL, NULL, NULL, NULL, 0, NULL),
(252, 25, 1, NULL, 1, 'ООД 01', 'ООД 01', 2, NULL, NULL, NULL, 1, 38, NULL, 112, 0, 38, NULL, NULL, NULL, NULL, 0, NULL),
(253, 25, 1, NULL, 1, 'ООД 01', 'ООД 01', 3, 1, NULL, NULL, 1, 36, NULL, 112, 0, 36, NULL, NULL, 3, 2, 0, NULL),
(254, 25, 2, NULL, 1, 'ООД 01', 'ООД 01', 1, NULL, NULL, NULL, NULL, 38, NULL, 58, NULL, 38, NULL, NULL, NULL, NULL, 0, NULL),
(255, 25, 2, NULL, 1, 'ООД 01', 'ООД 01', 2, NULL, 1, NULL, NULL, 20, NULL, 58, 0, 20, NULL, NULL, NULL, NULL, 0, NULL),
(256, 25, 3, NULL, 1, 'ООД 02', 'ООД 02', 1, NULL, NULL, NULL, NULL, 38, 58, NULL, 38, NULL, NULL, NULL, NULL, NULL, 0, NULL),
(257, 25, 3, NULL, 1, 'ООД 02', 'ООД 02', 2, NULL, 1, NULL, NULL, 20, 58, NULL, 20, NULL, NULL, NULL, NULL, NULL, 0, NULL),
(258, 25, 4, NULL, 1, 'ООД 02', 'ООД 02', 1, NULL, NULL, NULL, 1, 38, 112, NULL, 38, NULL, NULL, NULL, NULL, NULL, 0, NULL),
(259, 25, 4, NULL, 1, 'ООД 02', 'ООД 02', 2, NULL, NULL, NULL, 1, 38, 112, NULL, 38, NULL, NULL, NULL, NULL, NULL, 0, NULL),
(260, 25, 4, NULL, 1, 'ООД 02', 'ООД 02', 3, 1, NULL, NULL, 1, 36, 112, NULL, 36, NULL, NULL, NULL, 3, 2, 0, NULL),
(261, 25, 5, NULL, 1, 'ООД 03', 'ООД 03', 1, NULL, NULL, NULL, 1, 80, NULL, 164, NULL, 80, NULL, NULL, NULL, NULL, 0, NULL),
(262, 25, 5, NULL, 1, 'ООД 03', 'ООД 03', 2, NULL, 1, NULL, 1, 84, NULL, 164, 0, 84, NULL, NULL, NULL, NULL, 0, NULL),
(263, 25, 6, NULL, 1, 'ООД 04', 'ООД 04', 1, NULL, 1, NULL, 1, 38, 38, NULL, 38, NULL, NULL, NULL, NULL, NULL, 0, NULL),
(264, 25, 7, NULL, 1, 'ООД 05', 'ООД 05', 2, NULL, NULL, NULL, 1, 38, 88, NULL, 38, NULL, NULL, NULL, NULL, NULL, 0, NULL),
(265, 25, 7, NULL, 1, 'ООД 05', 'ООД 05', 3, 1, NULL, NULL, 1, 50, 88, NULL, 50, NULL, NULL, NULL, 3, 2, 0, NULL),
(266, 25, 8, NULL, 1, 'ООД 06', 'ООД 06', 2, NULL, 1, NULL, 1, 38, 38, NULL, 38, NULL, NULL, NULL, NULL, NULL, 0, NULL),
(267, 25, 9, NULL, 1, 'ООД 07', 'ООД 07', 1, NULL, NULL, NULL, 1, 38, 148, 4, 38, NULL, NULL, NULL, NULL, NULL, 0, NULL),
(268, 25, 9, NULL, 1, 'ООД 07', 'ООД 07', 2, NULL, NULL, NULL, 1, 38, 148, 4, 38, NULL, NULL, NULL, NULL, NULL, 0, NULL),
(269, 25, 9, NULL, 1, 'ООД 07', 'ООД 07', 3, 1, NULL, NULL, 1, 76, 148, 4, 72, 4, NULL, NULL, 3, 2, 0, NULL),
(270, 25, 10, NULL, 1, 'ООД 08', 'ООД 08', 1, NULL, NULL, NULL, 1, 38, 46, 30, 38, NULL, NULL, NULL, NULL, NULL, 0, NULL),
(271, 25, 10, NULL, 1, 'ООД 08', 'ООД 08', 2, NULL, 1, NULL, 1, 38, 46, 30, 8, 30, NULL, NULL, NULL, NULL, 0, NULL),
(272, 25, 11, NULL, 1, 'ООД 09', 'ООД 09', 1, NULL, NULL, NULL, 1, 38, 114, 30, 38, NULL, NULL, NULL, NULL, NULL, 0, NULL),
(273, 25, 11, NULL, 1, 'ООД 09', 'ООД 09', 2, NULL, NULL, NULL, 1, 38, 114, 30, 38, NULL, NULL, NULL, NULL, NULL, 0, NULL),
(274, 25, 11, NULL, 1, 'ООД 09', 'ООД 09', 3, 1, NULL, NULL, 1, 68, 114, 30, 38, 30, NULL, NULL, 3, 2, 0, NULL),
(275, 25, 12, NULL, 1, 'ООД 10', 'ООД 10', 1, NULL, NULL, NULL, 1, 40, 54, 26, 40, NULL, NULL, NULL, NULL, NULL, 0, NULL),
(276, 25, 12, NULL, 1, 'ООД 10', 'ООД 10', 2, NULL, 1, NULL, 1, 40, 54, 26, 14, 26, NULL, NULL, NULL, NULL, 0, NULL),
(277, 25, 13, NULL, 1, 'ООД 11', 'ООД 11', 2, NULL, 1, NULL, 1, 38, 38, NULL, 38, NULL, NULL, NULL, NULL, NULL, 0, NULL),
(278, 25, 14, NULL, 1, 'ООД 12', 'ООД 12', 1, NULL, 1, NULL, 1, 38, 38, NULL, 38, NULL, NULL, NULL, NULL, NULL, 0, NULL),
(279, 25, 15, NULL, 1, 'ООД 13', 'ООД 13', 1, NULL, NULL, NULL, 1, 32, 64, NULL, 32, NULL, NULL, NULL, NULL, NULL, 0, NULL),
(280, 25, 15, NULL, 1, 'ООД 13', 'ООД 13', 2, NULL, 1, NULL, 1, 32, 64, NULL, 32, NULL, NULL, NULL, NULL, NULL, 0, NULL),
(281, 25, 16, NULL, 1, 'ООД 13', 'ООД 13', 2, NULL, NULL, NULL, NULL, 36, NULL, 36, NULL, 36, NULL, NULL, NULL, NULL, 0, NULL),
(282, 25, 17, NULL, 1, 'ООД 14', 'ООД 14', 1, NULL, NULL, NULL, 1, 74, NULL, 152, NULL, 74, NULL, NULL, NULL, NULL, 0, NULL),
(283, 25, 17, NULL, 1, 'ООД 14', 'ООД 14', 2, NULL, 1, NULL, 1, 78, NULL, 152, 0, 78, NULL, NULL, NULL, NULL, 0, NULL),
(284, 25, 18, NULL, 2, 'ОГД 01', 'ОГД 01', 4, NULL, NULL, NULL, 1, 20, NULL, 92, NULL, 20, NULL, NULL, NULL, NULL, 0, NULL),
(285, 25, 18, NULL, 2, 'ОГД 01', 'ОГД 01', 5, NULL, 1, NULL, 1, 72, NULL, 92, 0, 72, NULL, NULL, NULL, NULL, 0, NULL),
(286, 25, 19, NULL, 2, 'ОГД 02', 'ОГД 02', 3, NULL, NULL, NULL, 1, 34, NULL, 80, NULL, 34, NULL, NULL, NULL, NULL, 0, NULL),
(287, 25, 19, NULL, 2, 'ОГД 02', 'ОГД 02', 4, NULL, 1, NULL, 1, 46, NULL, 80, 0, 46, NULL, NULL, NULL, NULL, 0, NULL),
(288, 25, 17, NULL, 2, 'ОГД 03', 'ОГД 03', 3, NULL, NULL, NULL, 1, 68, NULL, 260, NULL, 68, NULL, NULL, NULL, NULL, 0, NULL),
(289, 25, 17, NULL, 2, 'ОГД 03', 'ОГД 03', 4, NULL, NULL, NULL, 1, 40, NULL, 260, 0, 40, NULL, NULL, NULL, NULL, 0, NULL),
(290, 25, 17, NULL, 2, 'ОГД 03', 'ОГД 03', 5, NULL, NULL, NULL, NULL, 72, NULL, 260, 0, 72, NULL, NULL, NULL, NULL, 0, NULL),
(291, 25, 17, NULL, 2, 'ОГД 03', 'ОГД 03', 6, NULL, NULL, NULL, 1, 36, NULL, 260, 0, 36, NULL, NULL, NULL, NULL, 0, NULL),
(292, 25, 17, NULL, 2, 'ОГД 03', 'ОГД 03', 7, 1, NULL, NULL, 1, 44, NULL, 260, 0, 44, NULL, NULL, 3, 2, 0, NULL),
(293, 25, 20, NULL, 3, 'СЭД 01', 'СЭД 01', 1, NULL, 1, NULL, 1, 38, 38, NULL, 38, NULL, NULL, NULL, NULL, NULL, 0, NULL),
(294, 25, 21, NULL, 3, 'СЭД 02', 'СЭД 02', 3, NULL, 1, NULL, 1, 30, 30, NULL, 30, NULL, NULL, NULL, NULL, NULL, 0, NULL),
(295, 25, 22, NULL, 3, 'СЭД 03', 'СЭД 03', 2, NULL, 1, NULL, 1, 36, 36, NULL, 36, NULL, NULL, NULL, NULL, NULL, 0, NULL),
(296, 25, 23, NULL, 3, 'СЭД 04', 'СЭД 04', 1, NULL, 1, NULL, 1, 38, 38, NULL, 38, NULL, NULL, NULL, NULL, NULL, 0, NULL),
(297, 25, 24, NULL, 3, 'СЭД 05', 'СЭД 05', 1, NULL, 1, NULL, 1, 38, 38, NULL, 38, NULL, NULL, NULL, NULL, NULL, 0, NULL),
(298, 25, 25, NULL, 4, 'ОПД 01', 'ОПД 01', 6, NULL, NULL, NULL, 1, 44, 38, 28, 38, 6, NULL, NULL, NULL, NULL, 0, NULL),
(299, 25, 25, NULL, 4, 'ОПД 01', 'ОПД 01', 7, NULL, 1, NULL, NULL, 22, 38, 28, 0, 22, NULL, NULL, NULL, NULL, 0, NULL),
(300, 25, 26, NULL, 4, 'ОПД 02', 'ОПД 02', 4, NULL, NULL, NULL, 1, 86, 132, 62, 86, NULL, NULL, NULL, NULL, NULL, 0, NULL),
(301, 25, 26, NULL, 4, 'ОПД 02', 'ОПД 02', 5, 1, NULL, NULL, 1, 108, 132, 62, 46, 62, NULL, NULL, 3, 2, 0, NULL),
(302, 25, 27, NULL, 4, 'ОПД 03', 'ОПД 03', 5, NULL, NULL, NULL, 1, 34, 44, 10, 34, NULL, NULL, NULL, NULL, NULL, 0, NULL),
(303, 25, 27, NULL, 4, 'ОПД 03', 'ОПД 03', 6, NULL, 1, NULL, NULL, 20, 44, 10, 10, 10, NULL, NULL, NULL, NULL, 0, NULL),
(304, 25, 28, NULL, 4, 'ОПД 04', 'ОПД 04', 4, NULL, NULL, NULL, 1, 20, 34, 20, 20, NULL, NULL, NULL, NULL, NULL, 0, NULL),
(305, 25, 28, NULL, 4, 'ОПД 04', 'ОПД 04', 5, NULL, 1, NULL, NULL, 34, 34, 20, 14, 20, NULL, NULL, NULL, NULL, 0, NULL),
(306, 25, 29, NULL, 4, 'ОПД 05', 'ОПД 05', 3, NULL, NULL, NULL, 1, 50, 40, 30, 40, 10, NULL, NULL, NULL, NULL, 0, NULL),
(307, 25, 29, NULL, 4, 'ОПД 05', 'ОПД 05', 4, 1, NULL, NULL, NULL, 20, 40, 30, 0, 20, NULL, NULL, 3, 2, 0, NULL),
(308, 25, 30, NULL, 4, 'ОПД 06', 'ОПД 06', 3, NULL, NULL, NULL, 1, 34, 58, 18, 34, NULL, NULL, NULL, NULL, NULL, 0, NULL),
(309, 25, 30, NULL, 4, 'ОПД 06', 'ОПД 06', 4, 1, NULL, NULL, 1, 42, 58, 18, 24, 18, NULL, NULL, 3, 2, 0, NULL),
(310, 25, 31, NULL, 4, 'ОПД 07', 'ОПД 07', 3, NULL, 1, NULL, 1, 34, 14, 20, 14, 20, NULL, NULL, NULL, NULL, 0, NULL),
(311, 25, 32, NULL, 4, 'ОПД 08', 'ОПД 08', 3, NULL, 1, NULL, 1, 50, 20, 30, 20, 30, NULL, NULL, NULL, NULL, 0, NULL),
(312, 25, 33, NULL, 4, 'ОПД 09', 'ОПД 09', 7, NULL, 1, NULL, 1, 44, 34, 10, 34, 10, NULL, NULL, NULL, NULL, 0, NULL),
(313, 25, 34, NULL, 5, 'СД 01', 'СД 01', 3, NULL, NULL, NULL, 1, 46, 90, 52, 46, NULL, NULL, NULL, NULL, NULL, 0, NULL),
(314, 25, 34, NULL, 5, 'СД 01', 'СД 01', 4, NULL, NULL, NULL, 1, 24, 90, 52, 24, NULL, NULL, NULL, NULL, NULL, 0, NULL),
(315, 25, 34, NULL, 5, 'СД 01', 'СД 01', 5, 1, NULL, 1, NULL, 108, 90, 52, 20, 52, NULL, 36, 3, 2, 0, NULL),
(316, 25, 35, NULL, 5, 'СД 02', 'СД 02', 5, NULL, NULL, NULL, 1, 36, 52, 20, 36, NULL, NULL, NULL, NULL, NULL, 0, NULL),
(317, 25, 35, NULL, 5, 'СД 02', 'СД 02', 6, 1, NULL, NULL, 1, 36, 52, 20, 16, 20, NULL, NULL, 3, 2, 0, NULL),
(318, 25, 36, NULL, 5, 'СД 03', 'СД 03', 6, NULL, NULL, NULL, 1, 36, 50, 30, 36, NULL, NULL, NULL, NULL, NULL, 0, NULL),
(319, 25, 36, NULL, 5, 'СД 03', 'СД 03', 7, 1, NULL, NULL, NULL, 44, 50, 30, 14, 30, NULL, NULL, 3, 2, 0, NULL),
(320, 25, 37, NULL, 5, 'СД 04', 'СД 04', 5, NULL, NULL, NULL, 1, 54, 66, 24, 54, NULL, NULL, NULL, NULL, NULL, 0, NULL),
(321, 25, 37, NULL, 5, 'СД 04', 'СД 04', 6, 1, NULL, NULL, NULL, 36, 66, 24, 12, 24, NULL, NULL, 3, 2, 0, NULL),
(322, 25, 38, NULL, 5, 'СД 05', 'СД 05', 6, NULL, NULL, NULL, 1, 36, 52, 28, 36, NULL, NULL, NULL, NULL, NULL, 0, NULL),
(323, 25, 38, NULL, 5, 'СД 05', 'СД 05', 7, 1, NULL, NULL, NULL, 44, 52, 28, 16, 28, NULL, NULL, 3, 2, 0, NULL),
(324, 25, 39, NULL, 5, 'СД 06', 'СД 06', 2, NULL, 1, NULL, NULL, 72, 58, 14, 58, 14, NULL, NULL, NULL, NULL, 0, NULL),
(325, 25, 40, NULL, 5, 'СД 07', 'СД 07', 6, NULL, NULL, NULL, 1, 34, 48, 30, 34, NULL, NULL, NULL, NULL, NULL, 0, NULL),
(326, 25, 40, NULL, 5, 'СД 07', 'СД 07', 7, 1, NULL, NULL, NULL, 44, 48, 30, 14, 30, NULL, NULL, 3, 2, 0, NULL),
(327, 25, 41, NULL, 5, 'СД 08', 'СД 08', 6, NULL, NULL, NULL, 1, 26, 28, 20, 26, NULL, NULL, NULL, NULL, NULL, 0, NULL),
(328, 25, 41, NULL, 5, 'СД 08', 'СД 08', 7, NULL, 1, NULL, NULL, 22, 28, 20, 2, 20, NULL, NULL, NULL, NULL, 0, NULL),
(329, 25, 42, NULL, 5, 'СД 09', 'СД 09', 4, NULL, 1, NULL, NULL, 32, 8, 24, 8, 24, NULL, NULL, NULL, NULL, 0, NULL),
(330, 25, 43, NULL, 5, 'СД 10', 'СД 10', 4, NULL, NULL, NULL, 1, 30, 98, 46, 30, NULL, NULL, NULL, NULL, NULL, 0, NULL),
(331, 25, 43, NULL, 5, 'СД 10', 'СД 10', 5, NULL, NULL, NULL, 1, 74, 98, 46, 68, 6, NULL, NULL, NULL, NULL, 0, NULL),
(332, 25, 43, NULL, 5, 'СД 10', 'СД 10', 6, NULL, NULL, NULL, NULL, 20, 98, 46, 0, 20, NULL, NULL, NULL, NULL, 0, NULL),
(333, 25, 43, NULL, 5, 'СД 10', 'СД 10', 7, 1, NULL, 1, 1, 40, 98, 46, 0, 20, NULL, 20, 3, 2, 0, NULL),
(334, 25, 44, NULL, 5, 'СД 11', 'СД 11', 5, NULL, 1, NULL, 1, 56, 38, 18, 38, 18, NULL, NULL, NULL, NULL, 0, NULL),
(335, 25, 45, NULL, 5, 'СД 12', 'СД 12', 7, NULL, 1, NULL, 1, 44, 36, 8, 36, 8, NULL, NULL, NULL, NULL, 0, NULL),
(336, 25, 66, NULL, 5, 'ДОО.00', 'ДОО.00', 7, NULL, 1, NULL, 1, 48, 48, NULL, 48, NULL, NULL, NULL, NULL, NULL, 0, NULL),
(337, 25, 46, NULL, 6, 'ПП 01', 'ПП 01', 2, NULL, NULL, NULL, NULL, 36, NULL, 72, NULL, 36, NULL, NULL, NULL, NULL, 0, NULL),
(338, 25, 46, NULL, 6, 'ПП 01', 'ПП 01', 4, NULL, NULL, NULL, NULL, 36, NULL, 72, 0, 36, NULL, NULL, NULL, NULL, 0, NULL),
(339, 25, 39, NULL, 6, 'ПП 02', 'ПП 02', 4, NULL, NULL, NULL, NULL, 72, NULL, 72, NULL, 72, NULL, NULL, NULL, NULL, 0, NULL),
(340, 25, 35, NULL, 6, 'ПП 03', 'ПП 03', 6, NULL, NULL, NULL, NULL, 72, NULL, 72, NULL, 72, NULL, NULL, NULL, NULL, 0, NULL),
(341, 25, 47, NULL, 6, 'ПП 04', 'ПП 04', 6, NULL, NULL, NULL, NULL, 108, NULL, 108, NULL, 108, NULL, NULL, NULL, NULL, 0, NULL),
(342, 25, 48, NULL, 6, 'ПП 05', 'ПП 05', 6, NULL, NULL, NULL, NULL, 144, NULL, 144, NULL, 144, NULL, NULL, NULL, NULL, 0, NULL),
(343, 25, 49, NULL, 6, 'ПП 06', 'ПП 06', 6, NULL, NULL, NULL, NULL, 72, NULL, 72, NULL, 72, NULL, NULL, NULL, NULL, 0, NULL),
(344, 25, 50, NULL, 6, 'ПП 07', 'ПП 07', 4, NULL, NULL, NULL, NULL, 144, NULL, 144, NULL, 144, NULL, NULL, NULL, NULL, 0, NULL),
(345, 25, 51, NULL, 6, 'ПП 08', 'ПП 08', 4, NULL, NULL, NULL, NULL, 108, NULL, 108, NULL, 108, NULL, NULL, NULL, NULL, 0, NULL),
(346, 25, 52, NULL, 6, 'ПП 09', 'ПП 09', 8, NULL, NULL, NULL, NULL, 432, NULL, 432, NULL, 432, NULL, NULL, NULL, NULL, 0, NULL),
(347, 25, 53, NULL, 6, 'ПП 10', 'ПП 10', 8, NULL, NULL, NULL, NULL, 216, NULL, 216, NULL, 216, NULL, NULL, NULL, NULL, 0, NULL),
(348, 25, 54, NULL, 6, 'ПП 11', 'ПП 11', 8, NULL, NULL, NULL, NULL, 288, NULL, 288, NULL, 288, NULL, NULL, NULL, NULL, 0, NULL),
(349, 25, 63, NULL, 9, 'ПП 11', 'ПП 11', 3, NULL, NULL, NULL, NULL, 36, NULL, 216, NULL, 36, NULL, NULL, NULL, NULL, 0, NULL),
(350, 25, 63, NULL, 9, 'ПП 11', 'ПП 11', 4, NULL, NULL, NULL, NULL, 36, NULL, 216, 0, 36, NULL, NULL, NULL, NULL, 0, NULL),
(351, 25, 63, NULL, 9, 'ПП 11', 'ПП 11', 5, NULL, NULL, NULL, NULL, 36, NULL, 216, 0, 36, NULL, NULL, NULL, NULL, 0, NULL),
(352, 25, 63, NULL, 9, 'ПП 11', 'ПП 11', 6, NULL, NULL, NULL, NULL, 36, NULL, 216, 0, 36, NULL, NULL, NULL, NULL, 0, NULL),
(353, 25, 63, NULL, 9, 'ПП 11', 'ПП 11', 7, NULL, NULL, NULL, NULL, 72, NULL, 216, 0, 72, NULL, NULL, NULL, NULL, 0, NULL),
(354, 25, 64, NULL, 9, 'ПП 11', 'ПП 11', 8, NULL, NULL, NULL, NULL, 60, NULL, 60, NULL, 60, NULL, NULL, NULL, NULL, 0, NULL),
(355, 25, 65, NULL, 9, 'ПП 11', 'ПП 11', 8, NULL, NULL, NULL, NULL, 12, NULL, 12, NULL, 12, NULL, NULL, NULL, NULL, 0, NULL),
(356, 25, 56, NULL, 8, 'ПП 11', 'ПП 11', 1, NULL, NULL, NULL, NULL, 16, NULL, NULL, NULL, NULL, NULL, NULL, NULL, NULL, 0, NULL),
(357, 25, 56, NULL, 8, 'ПП 11', 'ПП 11', 2, NULL, NULL, NULL, NULL, 18, NULL, NULL, 0, 0, NULL, NULL, NULL, NULL, 0, NULL),
(358, 25, 56, NULL, 8, 'ПП 11', 'ПП 11', 3, NULL, NULL, NULL, NULL, 14, NULL, NULL, 0, 0, NULL, NULL, NULL, NULL, 0, NULL),
(359, 25, 56, NULL, 8, 'ПП 11', 'ПП 11', 4, NULL, NULL, NULL, NULL, 20, NULL, NULL, 0, 0, NULL, NULL, NULL, NULL, 0, NULL),
(360, 25, 57, NULL, 8, 'ПП 11', 'ПП 11', 2, NULL, NULL, NULL, NULL, 14, NULL, NULL, NULL, NULL, NULL, NULL, NULL, NULL, 0, NULL),
(361, 25, 58, NULL, 8, 'ПП 11', 'ПП 11', 3, NULL, NULL, NULL, NULL, 14, NULL, NULL, NULL, NULL, NULL, NULL, NULL, NULL, 0, NULL),
(362, 25, 59, NULL, 8, 'ПП 11', 'ПП 11', 7, NULL, NULL, NULL, NULL, 14, NULL, NULL, NULL, NULL, NULL, NULL, NULL, NULL, 0, NULL),
(363, 25, 60, NULL, 8, 'ПП 11', 'ПП 11', 5, NULL, NULL, NULL, NULL, 10, NULL, NULL, NULL, NULL, NULL, NULL, NULL, NULL, 0, NULL),
(364, 25, 61, NULL, 8, 'ПП 11', 'ПП 11', 6, NULL, NULL, NULL, NULL, 36, NULL, NULL, NULL, NULL, NULL, NULL, NULL, NULL, 0, NULL),
(365, 25, 62, NULL, 8, 'ПП 11', 'ПП 11', 1, NULL, NULL, NULL, NULL, 60, NULL, NULL, NULL, NULL, NULL, NULL, NULL, NULL, 0, NULL),
(366, 25, 62, NULL, 8, 'ПП 11', 'ПП 11', 2, NULL, NULL, NULL, NULL, 44, NULL, NULL, 0, 0, NULL, NULL, NULL, NULL, 0, NULL),
(367, 25, 62, NULL, 8, 'ПП 11', 'ПП 11', 3, NULL, NULL, NULL, NULL, 40, NULL, NULL, 0, 0, NULL, NULL, NULL, NULL, 0, NULL),
(368, 25, 62, NULL, 8, 'ПП 11', 'ПП 11', 4, NULL, NULL, NULL, NULL, 20, NULL, NULL, 0, 0, NULL, NULL, NULL, NULL, 0, NULL),
(369, 25, 62, NULL, 8, 'ПП 11', 'ПП 11', 5, NULL, NULL, NULL, NULL, 32, NULL, NULL, 0, 0, NULL, NULL, NULL, NULL, 0, NULL),
(370, 25, 62, NULL, 8, 'ПП 11', 'ПП 11', 7, NULL, NULL, NULL, NULL, 30, NULL, NULL, 0, 0, NULL, NULL, NULL, NULL, 0, NULL),
(371, 25, 62, NULL, 8, 'ПП 11', 'ПП 11', 8, NULL, NULL, NULL, NULL, 46, NULL, NULL, 0, 0, NULL, NULL, NULL, NULL, 0, NULL),
(372, 11, 9, NULL, 1, 'ООД 07', 'ООД 07', 1, NULL, NULL, NULL, 1, 76, 166, NULL, 76, NULL, NULL, NULL, NULL, NULL, 0, NULL),
(373, 11, 9, NULL, 1, 'ООД 07', 'ООД 07', 2, NULL, NULL, NULL, 1, 54, 166, NULL, 54, NULL, NULL, NULL, NULL, NULL, 0, NULL),
(374, 11, 9, NULL, 1, 'ООД 07', 'ООД 07', 3, 1, NULL, NULL, 1, 36, 166, NULL, 36, NULL, NULL, NULL, 3, 2, 0, NULL),
(375, 11, 10, NULL, 1, 'ООД 08', 'ООД 08', 1, NULL, NULL, NULL, 1, 38, 44, 30, 38, NULL, NULL, NULL, NULL, NULL, 0, NULL),
(376, 11, 10, NULL, 1, 'ООД 08', 'ООД 08', 2, NULL, NULL, NULL, 1, 36, 44, 30, 6, 30, NULL, NULL, NULL, NULL, 0, NULL),
(377, 11, 11, NULL, 1, 'ООД 09', 'ООД 09', 1, NULL, NULL, NULL, 1, 76, 118, 30, 76, NULL, NULL, NULL, NULL, NULL, 0, NULL),
(378, 11, 11, NULL, 1, 'ООД 09', 'ООД 09', 2, NULL, NULL, NULL, 1, 36, 118, 30, 36, NULL, NULL, NULL, NULL, NULL, 0, NULL),
(379, 11, 11, NULL, 1, 'ООД 09', 'ООД 09', 3, 1, NULL, NULL, 1, 36, 118, 30, 6, 30, NULL, NULL, 3, 2, 0, NULL),
(380, 11, 12, NULL, 1, 'ООД 10', 'ООД 10', 1, NULL, NULL, NULL, 1, 38, 48, 26, 38, NULL, NULL, NULL, NULL, NULL, 0, NULL),
(381, 11, 12, NULL, 1, 'ООД 10', 'ООД 10', 2, NULL, NULL, NULL, 1, 36, 48, 26, 10, 26, NULL, NULL, NULL, NULL, 0, NULL),
(382, 11, 13, NULL, 1, 'ООД 11', 'ООД 11', 2, NULL, NULL, NULL, 1, 36, 36, NULL, 36, NULL, NULL, NULL, NULL, NULL, 0, NULL),
(383, 11, 14, NULL, 1, 'ООД 12', 'ООД 12', 1, NULL, NULL, NULL, 1, 38, 38, NULL, 38, NULL, NULL, NULL, NULL, NULL, 0, NULL),
(384, 16, 1, NULL, 1, 'ООД 01', 'ООД 01', 1, NULL, NULL, NULL, 1, 38, NULL, 110, NULL, 38, NULL, NULL, NULL, NULL, 0, NULL),
(385, 16, 1, NULL, 1, 'ООД 01', 'ООД 01', 2, NULL, NULL, NULL, 1, 36, NULL, 110, 0, 36, NULL, NULL, NULL, NULL, 0, NULL),
(386, 16, 1, NULL, 1, 'ООД 01', 'ООД 01', 3, 1, NULL, NULL, 1, 36, NULL, 110, 0, 36, NULL, NULL, 3, 2, 0, NULL),
(387, 16, 2, NULL, 1, 'ООД 01', 'ООД 01', 1, NULL, NULL, NULL, NULL, 57, NULL, 57, NULL, 57, NULL, NULL, NULL, NULL, 0, NULL),
(388, 16, 3, NULL, 1, 'ООД 02', 'ООД 02', 1, NULL, NULL, NULL, NULL, 57, 57, NULL, 57, NULL, NULL, NULL, NULL, NULL, 0, NULL),
(389, 16, 4, NULL, 1, 'ООД 02', 'ООД 02', 1, NULL, NULL, NULL, 1, 38, 110, NULL, 38, NULL, NULL, NULL, NULL, NULL, 0, NULL),
(390, 16, 4, NULL, 1, 'ООД 02', 'ООД 02', 2, NULL, NULL, NULL, 1, 36, 110, NULL, 36, NULL, NULL, NULL, NULL, NULL, 0, NULL),
(391, 16, 4, NULL, 1, 'ООД 02', 'ООД 02', 3, 1, NULL, NULL, 1, 36, 110, NULL, 36, NULL, NULL, NULL, 3, 2, 0, NULL),
(392, 16, 5, NULL, 1, 'ООД 03', 'ООД 03', 1, NULL, NULL, NULL, 1, 76, NULL, 130, NULL, 76, NULL, NULL, NULL, NULL, 0, NULL),
(393, 16, 5, NULL, 1, 'ООД 03', 'ООД 03', 2, NULL, NULL, NULL, 1, 54, NULL, 130, 0, 54, NULL, NULL, NULL, NULL, 0, NULL),
(394, 16, 6, NULL, 1, 'ООД 04', 'ООД 04', 1, NULL, NULL, NULL, 1, 38, 38, NULL, 38, NULL, NULL, NULL, NULL, NULL, 0, NULL),
(395, 16, 7, NULL, 1, 'ООД 05', 'ООД 05', 2, NULL, NULL, NULL, 1, 72, 108, NULL, 72, NULL, NULL, NULL, NULL, NULL, 0, NULL),
(396, 16, 7, NULL, 1, 'ООД 05', 'ООД 05', 3, 1, NULL, NULL, 1, 36, 108, NULL, 36, NULL, NULL, NULL, 3, 2, 0, NULL),
(397, 16, 8, NULL, 1, 'ООД 06', 'ООД 06', 2, NULL, NULL, NULL, 1, 36, 36, NULL, 36, NULL, NULL, NULL, NULL, NULL, 0, NULL),
(398, 16, 9, NULL, 1, 'ООД 07', 'ООД 07', 1, NULL, NULL, NULL, 1, 76, 166, NULL, 76, NULL, NULL, NULL, NULL, NULL, 0, NULL),
(399, 16, 9, NULL, 1, 'ООД 07', 'ООД 07', 2, NULL, NULL, NULL, 1, 54, 166, NULL, 54, NULL, NULL, NULL, NULL, NULL, 0, NULL),
(400, 16, 9, NULL, 1, 'ООД 07', 'ООД 07', 3, 1, NULL, NULL, 1, 36, 166, NULL, 36, NULL, NULL, NULL, 3, 2, 0, NULL),
(401, 16, 10, NULL, 1, 'ООД 08', 'ООД 08', 1, NULL, NULL, NULL, 1, 38, 44, 30, 38, NULL, NULL, NULL, NULL, NULL, 0, NULL),
(402, 16, 10, NULL, 1, 'ООД 08', 'ООД 08', 2, NULL, NULL, NULL, 1, 36, 44, 30, 6, 30, NULL, NULL, NULL, NULL, 0, NULL),
(403, 16, 11, NULL, 1, 'ООД 09', 'ООД 09', 1, NULL, NULL, NULL, 1, 76, 118, 30, 76, NULL, NULL, NULL, NULL, NULL, 0, NULL),
(404, 16, 11, NULL, 1, 'ООД 09', 'ООД 09', 2, NULL, NULL, NULL, 1, 36, 118, 30, 36, NULL, NULL, NULL, NULL, NULL, 0, NULL),
(405, 16, 11, NULL, 1, 'ООД 09', 'ООД 09', 3, 1, NULL, NULL, 1, 36, 118, 30, 6, 30, NULL, NULL, 3, 2, 0, NULL),
(406, 16, 12, NULL, 1, 'ООД 10', 'ООД 10', 1, NULL, NULL, NULL, 1, 38, 48, 26, 38, NULL, NULL, NULL, NULL, NULL, 0, NULL),
(407, 16, 12, NULL, 1, 'ООД 10', 'ООД 10', 2, NULL, NULL, NULL, 1, 36, 48, 26, 10, 26, NULL, NULL, NULL, NULL, 0, NULL),
(408, 16, 13, NULL, 1, 'ООД 11', 'ООД 11', 2, NULL, NULL, NULL, 1, 36, 36, NULL, 36, NULL, NULL, NULL, NULL, NULL, 0, NULL),
(409, 16, 14, NULL, 1, 'ООД 12', 'ООД 12', 1, NULL, NULL, NULL, 1, 38, 38, NULL, 38, NULL, NULL, NULL, NULL, NULL, 0, NULL),
(410, 16, 15, NULL, 1, 'ООД 13', 'ООД 13', 1, NULL, NULL, NULL, 1, 38, 56, NULL, 38, NULL, NULL, NULL, NULL, NULL, 0, NULL),
(411, 16, 15, NULL, 1, 'ООД 13', 'ООД 13', 2, NULL, NULL, NULL, 1, 18, 56, NULL, 18, NULL, NULL, NULL, NULL, NULL, 0, NULL),
(412, 16, 16, NULL, 1, 'ООД 13', 'ООД 13', 2, NULL, NULL, NULL, NULL, 36, NULL, 36, NULL, 36, NULL, NULL, NULL, NULL, 0, NULL),
(413, 16, 17, NULL, 1, 'ООД 14', 'ООД 14', 1, NULL, NULL, NULL, 1, 76, 2, 146, 2, 74, NULL, NULL, NULL, NULL, 0, NULL),
(414, 16, 17, NULL, 1, 'ООД 14', 'ООД 14', 2, NULL, NULL, NULL, 1, 72, 2, 146, 0, 72, NULL, NULL, NULL, NULL, 0, NULL),
(415, 16, 18, NULL, 2, 'ОГД 01', 'ОГД 01', 3, NULL, 1, NULL, 1, 36, NULL, 94, NULL, 36, NULL, NULL, NULL, NULL, 0, NULL),
(416, 16, 18, NULL, 2, 'ОГД 01', 'ОГД 01', 4, NULL, NULL, NULL, 1, 22, NULL, 94, 0, 22, NULL, NULL, NULL, NULL, 0, NULL),
(417, 16, 18, NULL, 2, 'ОГД 01', 'ОГД 01', 5, NULL, NULL, NULL, NULL, 36, NULL, 94, 0, 36, NULL, NULL, NULL, NULL, 0, NULL),
(418, 16, 19, NULL, 2, 'ОГД 02', 'ОГД 02', 3, NULL, 1, NULL, 1, 36, NULL, 80, NULL, 36, NULL, NULL, NULL, NULL, 0, NULL),
(419, 16, 19, NULL, 2, 'ОГД 02', 'ОГД 02', 4, NULL, NULL, NULL, 1, 44, NULL, 80, 0, 44, NULL, NULL, NULL, NULL, 0, NULL),
(420, 16, 17, NULL, 2, 'ОГД 03', 'ОГД 03', 3, NULL, 1, NULL, 1, 72, 6, 258, 6, 66, NULL, NULL, NULL, NULL, 0, NULL),
(421, 16, 17, NULL, 2, 'ОГД 03', 'ОГД 03', 4, NULL, NULL, NULL, 1, 44, 6, 258, 0, 44, NULL, NULL, NULL, NULL, 0, NULL),
(422, 16, 17, NULL, 2, 'ОГД 03', 'ОГД 03', 5, NULL, NULL, NULL, NULL, 72, 6, 258, 0, 72, NULL, NULL, NULL, NULL, 0, NULL),
(423, 16, 17, NULL, 2, 'ОГД 03', 'ОГД 03', 6, NULL, NULL, NULL, 1, 36, 6, 258, 0, 36, NULL, NULL, NULL, NULL, 0, NULL),
(424, 16, 17, NULL, 2, 'ОГД 03', 'ОГД 03', 7, 1, NULL, NULL, 1, 40, 6, 258, 0, 40, NULL, NULL, 3, 2, 0, NULL),
(425, 16, 20, NULL, 3, 'СЭД 01', 'СЭД 01', 2, NULL, 1, NULL, 1, 36, 36, NULL, 36, NULL, NULL, NULL, NULL, NULL, 0, NULL),
(426, 16, 21, NULL, 3, 'СЭД 02', 'СЭД 02', 5, NULL, 1, NULL, 1, 36, 36, NULL, 36, NULL, NULL, NULL, NULL, NULL, 0, NULL),
(427, 16, 22, NULL, 3, 'СЭД 03', 'СЭД 03', 3, NULL, 1, NULL, 1, 36, 36, NULL, 36, NULL, NULL, NULL, NULL, NULL, 0, NULL),
(428, 16, 23, NULL, 3, 'СЭД 04', 'СЭД 04', 2, NULL, 1, NULL, 1, 36, 36, NULL, 36, NULL, NULL, NULL, NULL, NULL, 0, NULL),
(429, 16, 24, NULL, 3, 'СЭД 05', 'СЭД 05', 4, NULL, 1, NULL, 1, 33, 33, NULL, 33, NULL, NULL, NULL, NULL, NULL, 0, NULL),
(430, 16, 25, NULL, 4, 'ОПД 01', 'ОПД 01', 3, NULL, 1, NULL, 1, 36, 41, 28, 36, NULL, NULL, NULL, NULL, NULL, 0, NULL),
(431, 16, 25, NULL, 4, 'ОПД 01', 'ОПД 01', 4, NULL, NULL, NULL, NULL, 33, 41, 28, 5, 28, NULL, NULL, NULL, NULL, 0, NULL),
(432, 16, 26, NULL, 4, 'ОПД 02', 'ОПД 02', 3, NULL, 1, NULL, 1, 54, 119, 62, 54, NULL, NULL, NULL, NULL, NULL, 0, NULL),
(433, 16, 26, NULL, 4, 'ОПД 02', 'ОПД 02', 4, NULL, NULL, NULL, 1, 55, 119, 62, 55, NULL, NULL, NULL, NULL, NULL, 0, NULL),
(434, 16, 26, NULL, 4, 'ОПД 02', 'ОПД 02', 5, 1, NULL, NULL, NULL, 72, 119, 62, 10, 62, NULL, NULL, 3, 2, 0, NULL),
(435, 16, 27, NULL, 4, 'ОПД 03', 'ОПД 03', 5, NULL, 1, NULL, 1, 54, 44, 10, 44, 10, NULL, NULL, NULL, NULL, 0, NULL),
(436, 16, 28, NULL, 4, 'ОПД 04', 'ОПД 04', 5, NULL, 1, NULL, 1, 36, 34, 20, 34, 2, NULL, NULL, NULL, NULL, 0, NULL),
(437, 16, 28, NULL, 4, 'ОПД 04', 'ОПД 04', 6, NULL, NULL, NULL, NULL, 18, 34, 20, 0, 18, NULL, NULL, NULL, NULL, 0, NULL),
(438, 16, 29, NULL, 4, 'ОПД 05', 'ОПД 05', 3, NULL, 1, NULL, 1, 36, 39, 30, 36, NULL, NULL, NULL, NULL, NULL, 0, NULL),
(439, 16, 29, NULL, 4, 'ОПД 05', 'ОПД 05', 4, 1, NULL, NULL, NULL, 33, 39, 30, 3, 30, NULL, NULL, 3, 2, 0, NULL),
(440, 16, 30, NULL, 4, 'ОПД 06', 'ОПД 06', 3, NULL, 1, NULL, 1, 36, 62, 18, 36, NULL, NULL, NULL, NULL, NULL, 0, NULL),
(441, 16, 30, NULL, 4, 'ОПД 06', 'ОПД 06', 4, 1, NULL, NULL, 1, 44, 62, 18, 26, 18, NULL, NULL, 3, 2, 0, NULL),
(442, 16, 31, NULL, 4, 'ОПД 07', 'ОПД 07', 5, NULL, 1, NULL, 1, 36, 16, 20, 16, 20, NULL, NULL, NULL, NULL, 0, NULL),
(443, 16, 32, NULL, 4, 'ОПД 08', 'ОПД 08', 3, NULL, 1, NULL, 1, 54, 24, 30, 24, 30, NULL, NULL, NULL, NULL, 0, NULL),
(444, 16, 33, NULL, 4, 'ОПД 09', 'ОПД 09', 7, NULL, 1, NULL, 1, 50, 40, 10, 40, 10, NULL, NULL, NULL, NULL, 0, NULL),
(445, 16, 34, NULL, 5, 'СД 01', 'СД 01', 3, NULL, 1, NULL, 1, 54, 98, 52, 54, NULL, NULL, NULL, NULL, NULL, 0, NULL),
(446, 16, 34, NULL, 5, 'СД 01', 'СД 01', 4, NULL, NULL, NULL, 1, 33, 98, 52, 33, NULL, NULL, NULL, NULL, NULL, 0, NULL),
(447, 16, 34, NULL, 5, 'СД 01', 'СД 01', 5, NULL, NULL, NULL, NULL, 54, 98, 52, 11, 43, NULL, NULL, NULL, NULL, 0, NULL),
(448, 16, 34, NULL, 5, 'СД 01', 'СД 01', 6, 1, NULL, 1, 1, 45, 98, 52, 0, 9, NULL, 36, 3, 2, 0, NULL),
(449, 16, 35, NULL, 5, 'СД 02', 'СД 02', 4, NULL, 1, NULL, 1, 22, 56, 20, 22, NULL, NULL, NULL, NULL, NULL, 0, NULL),
(450, 16, 35, NULL, 5, 'СД 02', 'СД 02', 5, 1, NULL, NULL, 1, 54, 56, 20, 34, 20, NULL, NULL, 3, 2, 0, NULL),
(451, 16, 36, NULL, 5, 'СД 03', 'СД 03', 5, NULL, 1, NULL, 1, 18, 46, 30, 18, NULL, NULL, NULL, NULL, NULL, 0, NULL),
(452, 16, 36, NULL, 5, 'СД 03', 'СД 03', 6, NULL, NULL, NULL, NULL, 18, 46, 30, 18, NULL, NULL, NULL, NULL, NULL, 0, NULL),
(453, 16, 36, NULL, 5, 'СД 03', 'СД 03', 7, 1, NULL, NULL, 1, 40, 46, 30, 10, 30, NULL, NULL, 3, 2, 0, NULL),
(454, 16, 37, NULL, 5, 'СД 04', 'СД 04', 5, NULL, 1, NULL, 1, 54, 57, 24, 54, NULL, NULL, NULL, NULL, NULL, 0, NULL),
(455, 16, 37, NULL, 5, 'СД 04', 'СД 04', 6, 1, NULL, NULL, NULL, 27, 57, 24, 3, 24, NULL, NULL, 3, 2, 0, NULL),
(456, 16, 38, NULL, 5, 'СД 05', 'СД 05', 6, NULL, 1, NULL, 1, 36, 48, 28, 36, NULL, NULL, NULL, NULL, NULL, 0, NULL),
(457, 16, 38, NULL, 5, 'СД 05', 'СД 05', 7, 1, NULL, NULL, NULL, 40, 48, 28, 12, 28, NULL, NULL, 3, 2, 0, NULL),
(458, 16, 39, NULL, 5, 'СД 06', 'СД 06', 2, NULL, NULL, NULL, NULL, 54, 58, 14, 54, NULL, NULL, NULL, NULL, NULL, 0, NULL),
(459, 16, 39, NULL, 5, 'СД 06', 'СД 06', 3, NULL, 1, NULL, NULL, 18, 58, 14, 4, 14, NULL, NULL, NULL, NULL, 0, NULL),
(460, 16, 40, NULL, 5, 'СД 07', 'СД 07', 6, NULL, 1, NULL, 1, 36, 46, 30, 36, NULL, NULL, NULL, NULL, NULL, 0, NULL),
(461, 16, 40, NULL, 5, 'СД 07', 'СД 07', 7, 1, NULL, NULL, NULL, 40, 46, 30, 10, 30, NULL, NULL, 3, 2, 0, NULL),
(462, 16, 41, NULL, 5, 'СД 08', 'СД 08', 5, NULL, 1, NULL, 1, 54, 34, 20, 34, 20, NULL, NULL, NULL, NULL, 0, NULL),
(463, 16, 42, NULL, 5, 'СД 09', 'СД 09', 4, NULL, 1, NULL, NULL, 33, 9, 24, 9, 24, NULL, NULL, NULL, NULL, 0, NULL),
(464, 16, 43, NULL, 5, 'СД 10', 'СД 10', 5, NULL, 1, NULL, 1, 72, 102, 46, 72, NULL, NULL, NULL, NULL, NULL, 0, NULL),
(465, 16, 43, NULL, 5, 'СД 10', 'СД 10', 6, NULL, NULL, NULL, 1, 36, 102, 46, 30, 6, NULL, NULL, NULL, NULL, 0, NULL),
(466, 16, 43, NULL, 5, 'СД 10', 'СД 10', 7, 1, NULL, 1, NULL, 60, 102, 46, 0, 40, NULL, 20, 3, 2, 0, NULL),
(467, 16, 44, NULL, 5, 'СД 11', 'СД 11', 6, NULL, 1, NULL, 1, 27, 49, 18, 27, NULL, NULL, NULL, NULL, NULL, 0, NULL),
(468, 16, 44, NULL, 5, 'СД 11', 'СД 11', 7, NULL, NULL, NULL, NULL, 40, 49, 18, 22, 18, NULL, NULL, NULL, NULL, 0, NULL),
(469, 16, 45, NULL, 5, 'СД 12', 'СД 12', 6, NULL, 1, NULL, 1, 27, 39, 8, 27, NULL, NULL, NULL, NULL, NULL, 0, NULL),
(470, 16, 45, NULL, 5, 'СД 12', 'СД 12', 7, NULL, NULL, NULL, NULL, 20, 39, 8, 12, 8, NULL, NULL, NULL, NULL, 0, NULL),
(471, 16, 46, NULL, 6, 'ПП 01', 'ПП 01', 2, NULL, NULL, NULL, NULL, 72, NULL, 72, NULL, 72, NULL, NULL, NULL, NULL, 0, NULL),
(472, 16, 39, NULL, 6, 'ПП 02', 'ПП 02', 4, NULL, NULL, NULL, NULL, 72, NULL, 72, NULL, 72, NULL, NULL, NULL, NULL, 0, NULL),
(473, 16, 35, NULL, 6, 'ПП 03', 'ПП 03', 6, NULL, NULL, NULL, NULL, 72, NULL, 72, NULL, 72, NULL, NULL, NULL, NULL, 0, NULL),
(474, 16, 47, NULL, 6, 'ПП 04', 'ПП 04', 6, NULL, NULL, NULL, NULL, 108, NULL, 108, NULL, 108, NULL, NULL, NULL, NULL, 0, NULL),
(475, 16, 48, NULL, 6, 'ПП 05', 'ПП 05', 6, NULL, NULL, NULL, NULL, 144, NULL, 144, NULL, 144, NULL, NULL, NULL, NULL, 0, NULL),
(476, 16, 49, NULL, 6, 'ПП 06', 'ПП 06', 6, NULL, NULL, NULL, NULL, 72, NULL, 72, NULL, 72, NULL, NULL, NULL, NULL, 0, NULL),
(477, 16, 50, NULL, 6, 'ПП 07', 'ПП 07', 4, NULL, NULL, NULL, NULL, 144, NULL, 144, NULL, 144, NULL, NULL, NULL, NULL, 0, NULL),
(478, 16, 51, NULL, 6, 'ПП 08', 'ПП 08', 4, NULL, NULL, NULL, NULL, 108, NULL, 108, NULL, 108, NULL, NULL, NULL, NULL, 0, NULL),
(479, 16, 52, NULL, 6, 'ПП 09', 'ПП 09', 8, NULL, NULL, NULL, NULL, 432, NULL, 432, NULL, 432, NULL, NULL, NULL, NULL, 0, NULL),
(480, 16, 53, NULL, 6, 'ПП 10', 'ПП 10', 8, NULL, NULL, NULL, NULL, 216, NULL, 216, NULL, 216, NULL, NULL, NULL, NULL, 0, NULL),
(481, 16, 54, NULL, 6, 'ПП 11', 'ПП 11', 8, NULL, NULL, NULL, NULL, 288, NULL, 288, NULL, 288, NULL, NULL, NULL, NULL, 0, NULL),
(482, 16, 63, NULL, 9, 'ПА', 'ПА', 3, NULL, NULL, NULL, NULL, 36, NULL, 216, NULL, 36, NULL, NULL, NULL, NULL, 0, NULL),
(483, 16, 63, NULL, 9, 'ПА', 'ПА', 4, NULL, NULL, NULL, NULL, 36, NULL, 216, 0, 36, NULL, NULL, NULL, NULL, 0, NULL),
(484, 16, 63, NULL, 9, 'ПА', 'ПА', 5, NULL, NULL, NULL, NULL, 36, NULL, 216, 0, 36, NULL, NULL, NULL, NULL, 0, NULL),
(485, 16, 63, NULL, 9, 'ПА', 'ПА', 6, NULL, NULL, NULL, NULL, 36, NULL, 216, 0, 36, NULL, NULL, NULL, NULL, 0, NULL),
(486, 16, 63, NULL, 9, 'ПА', 'ПА', 7, NULL, NULL, NULL, NULL, 72, NULL, 216, 0, 72, NULL, NULL, NULL, NULL, 0, NULL),
(487, 16, 64, NULL, 9, 'ИА', 'ИА', 8, NULL, NULL, NULL, NULL, 72, NULL, 72, NULL, 72, NULL, NULL, NULL, NULL, 0, NULL),
(488, 16, 56, NULL, 8, 'ИА', 'ИА', 1, NULL, NULL, NULL, NULL, 19, NULL, NULL, NULL, NULL, NULL, NULL, NULL, NULL, 0, NULL),
(489, 16, 56, NULL, 8, 'ИА', 'ИА', 2, NULL, NULL, NULL, NULL, 18, NULL, NULL, 0, 0, NULL, NULL, NULL, NULL, 0, NULL),
(490, 16, 56, NULL, 8, 'ИА', 'ИА', 3, NULL, NULL, NULL, NULL, 20, NULL, NULL, 0, 0, NULL, NULL, NULL, NULL, 0, NULL),
(491, 16, 56, NULL, 8, 'ИА', 'ИА', 4, NULL, NULL, NULL, NULL, 11, NULL, NULL, 0, 0, NULL, NULL, NULL, NULL, 0, NULL),
(492, 16, 57, NULL, 8, 'ИА', 'ИА', 2, NULL, NULL, NULL, NULL, 16, NULL, NULL, NULL, NULL, NULL, NULL, NULL, NULL, 0, NULL),
(493, 16, 58, NULL, 8, 'ИА', 'ИА', 3, NULL, NULL, NULL, NULL, 16, NULL, NULL, NULL, NULL, NULL, NULL, NULL, NULL, 0, NULL),
(494, 16, 61, NULL, 8, 'ИА', 'ИА', 7, NULL, NULL, NULL, NULL, 36, NULL, NULL, NULL, NULL, NULL, NULL, NULL, NULL, 0, NULL),
(495, 16, 62, NULL, 8, 'ИА', 'ИА', 1, NULL, NULL, NULL, NULL, 45, NULL, NULL, NULL, NULL, NULL, NULL, NULL, NULL, 0, NULL),
(496, 16, 62, NULL, 8, 'ИА', 'ИА', 2, NULL, NULL, NULL, NULL, 42, NULL, NULL, 0, 0, NULL, NULL, NULL, NULL, 0, NULL),
(497, 16, 62, NULL, 8, 'ИА', 'ИА', 3, NULL, NULL, NULL, NULL, 36, NULL, NULL, 0, 0, NULL, NULL, NULL, NULL, 0, NULL),
(498, 16, 62, NULL, 8, 'ИА', 'ИА', 4, NULL, NULL, NULL, NULL, 33, NULL, NULL, 0, 0, NULL, NULL, NULL, NULL, 0, NULL),
(499, 16, 62, NULL, 8, 'ИА', 'ИА', 5, NULL, NULL, NULL, NULL, 62, NULL, NULL, 0, 0, NULL, NULL, NULL, NULL, 0, NULL),
(500, 16, 62, NULL, 8, 'ИА', 'ИА', 6, NULL, NULL, NULL, NULL, 36, NULL, NULL, 0, 0, NULL, NULL, NULL, NULL, 0, NULL),
(501, 16, 62, NULL, 8, 'ИА', 'ИА', 8, NULL, NULL, NULL, NULL, 16, NULL, NULL, 0, 0, NULL, NULL, NULL, NULL, 0, NULL),
(502, 16, 67, NULL, 8, 'ИА', 'ИА', 1, NULL, NULL, NULL, NULL, 12, NULL, NULL, NULL, NULL, NULL, NULL, NULL, NULL, 0, NULL),
(503, 16, 69, NULL, 8, 'ИА', 'ИА', 5, NULL, NULL, NULL, NULL, 10, NULL, NULL, NULL, NULL, NULL, NULL, NULL, NULL, 0, NULL),
(504, 17, 1, NULL, 1, 'ООД 01', 'ООД 01', 1, NULL, NULL, NULL, 1, 60, NULL, 116, NULL, 60, NULL, NULL, NULL, NULL, 0, NULL),
(505, 17, 1, NULL, 1, 'ООД 01', 'ООД 01', 2, NULL, 1, NULL, 1, 36, NULL, 116, 0, 36, NULL, NULL, NULL, NULL, 0, NULL),
(506, 17, 1, NULL, 1, 'ООД 01', 'ООД 01', 3, 1, NULL, NULL, 1, 20, NULL, 116, 0, 20, NULL, NULL, 3, 2, 0, NULL),
(507, 17, 2, NULL, 1, 'ООД 01', 'ООД 01', 1, NULL, NULL, NULL, NULL, 40, NULL, 58, NULL, 40, NULL, NULL, NULL, NULL, 0, NULL),
(508, 17, 2, NULL, 1, 'ООД 01', 'ООД 01', 2, NULL, NULL, NULL, NULL, 18, NULL, 58, 0, 18, NULL, NULL, NULL, NULL, 0, NULL),
(509, 17, 3, NULL, 1, 'ООД 02', 'ООД 02', 1, NULL, NULL, NULL, NULL, 40, 58, NULL, 40, NULL, NULL, NULL, NULL, NULL, 0, NULL),
(510, 17, 3, NULL, 1, 'ООД 02', 'ООД 02', 2, NULL, NULL, NULL, NULL, 18, 58, NULL, 18, NULL, NULL, NULL, NULL, NULL, 0, NULL),
(511, 17, 4, NULL, 1, 'ООД 02', 'ООД 02', 1, NULL, NULL, NULL, 1, 60, 116, NULL, 60, NULL, NULL, NULL, NULL, NULL, 0, NULL),
(512, 17, 4, NULL, 1, 'ООД 02', 'ООД 02', 2, NULL, 1, NULL, 1, 36, 116, NULL, 36, NULL, NULL, NULL, NULL, NULL, 0, NULL),
(513, 17, 4, NULL, 1, 'ООД 02', 'ООД 02', 3, 1, NULL, NULL, 1, 20, 116, NULL, 20, NULL, NULL, NULL, 3, 2, 0, NULL),
(514, 17, 5, NULL, 1, 'ООД 03', 'ООД 03', 1, NULL, NULL, NULL, 1, 60, NULL, 132, NULL, 60, NULL, NULL, NULL, NULL, 0, NULL),
(515, 17, 5, NULL, 1, 'ООД 03', 'ООД 03', 2, NULL, 1, NULL, NULL, 72, NULL, 132, 0, 72, NULL, NULL, NULL, NULL, 0, NULL),
(516, 17, 6, NULL, 1, 'ООД 04', 'ООД 04', 2, NULL, 1, NULL, NULL, 36, 36, NULL, 36, NULL, NULL, NULL, NULL, NULL, 0, NULL),
(517, 17, 7, NULL, 1, 'ООД 05', 'ООД 05', 2, NULL, 1, NULL, NULL, 72, 102, NULL, 72, NULL, NULL, NULL, NULL, NULL, 0, NULL),
(518, 17, 7, NULL, 1, 'ООД 05', 'ООД 05', 3, 1, NULL, NULL, NULL, 30, 102, NULL, 30, NULL, NULL, NULL, 3, 2, 0, NULL),
(519, 17, 8, NULL, 1, 'ООД 06', 'ООД 06', 2, NULL, 1, NULL, NULL, 36, 36, NULL, 36, NULL, NULL, NULL, NULL, NULL, 0, NULL),
(520, 17, 9, NULL, 1, 'ООД 07', 'ООД 07', 1, NULL, NULL, NULL, NULL, 80, 86, 50, 80, NULL, NULL, NULL, NULL, NULL, 0, NULL),
(521, 17, 9, NULL, 1, 'ООД 07', 'ООД 07', 2, NULL, 1, NULL, NULL, 36, 86, 50, 6, 30, NULL, NULL, NULL, NULL, 0, NULL),
(522, 17, 9, NULL, 1, 'ООД 07', 'ООД 07', 3, 1, NULL, NULL, NULL, 20, 86, 50, 0, 20, NULL, NULL, 3, 2, 0, NULL),
(523, 17, 10, NULL, 1, 'ООД 08', 'ООД 08', 1, NULL, NULL, NULL, NULL, 40, 46, 30, 40, NULL, NULL, NULL, NULL, NULL, 0, NULL),
(524, 17, 10, NULL, 1, 'ООД 08', 'ООД 08', 2, NULL, 1, NULL, NULL, 36, 46, 30, 6, 30, NULL, NULL, NULL, NULL, 0, NULL),
(525, 17, 11, NULL, 1, 'ООД 09', 'ООД 09', 1, NULL, NULL, NULL, NULL, 60, 102, 32, 60, NULL, NULL, NULL, NULL, NULL, 0, NULL),
(526, 17, 11, NULL, 1, 'ООД 09', 'ООД 09', 2, NULL, 1, NULL, NULL, 54, 102, 32, 42, 12, NULL, NULL, NULL, NULL, 0, NULL),
(527, 17, 11, NULL, 1, 'ООД 09', 'ООД 09', 3, 1, NULL, NULL, NULL, 20, 102, 32, 0, 20, NULL, NULL, 3, 2, 0, NULL),
(528, 17, 12, NULL, 1, 'ООД 10', 'ООД 10', 1, NULL, NULL, NULL, NULL, 40, 50, 26, 40, NULL, NULL, NULL, NULL, NULL, 0, NULL),
(529, 17, 12, NULL, 1, 'ООД 10', 'ООД 10', 2, NULL, 1, NULL, NULL, 36, 50, 26, 10, 26, NULL, NULL, NULL, NULL, 0, NULL),
(530, 17, 13, NULL, 1, 'ООД 11', 'ООД 11', 2, NULL, 1, NULL, NULL, 36, 36, NULL, 36, NULL, NULL, NULL, NULL, NULL, 0, NULL),
(531, 17, 14, NULL, 1, 'ООД 12', 'ООД 12', 2, NULL, 1, NULL, NULL, 36, 30, 6, 30, 6, NULL, NULL, NULL, NULL, 0, NULL),
(532, 17, 15, NULL, 1, 'ООД 13', 'ООД 13', 1, NULL, NULL, NULL, NULL, 40, 40, 18, 40, NULL, NULL, NULL, NULL, NULL, 0, NULL),
(533, 17, 15, NULL, 1, 'ООД 13', 'ООД 13', 2, NULL, 1, NULL, NULL, 18, 40, 18, 0, 18, NULL, NULL, NULL, NULL, 0, NULL),
(534, 17, 16, NULL, 1, 'ООД 13', 'ООД 13', 2, NULL, NULL, NULL, NULL, 36, NULL, 36, NULL, 36, NULL, NULL, NULL, NULL, 0, NULL),
(535, 17, 17, NULL, 1, 'ООД 14', 'ООД 14', 1, NULL, NULL, NULL, NULL, 80, 2, 150, 2, 78, NULL, NULL, NULL, NULL, 0, NULL),
(536, 17, 17, NULL, 1, 'ООД 14', 'ООД 14', 2, NULL, NULL, NULL, NULL, 72, 2, 150, 0, 72, NULL, NULL, NULL, NULL, 0, NULL),
(537, 17, 18, NULL, 2, 'ОГД 01', 'ОГД 01', 3, NULL, NULL, NULL, NULL, 40, NULL, 110, NULL, 40, NULL, NULL, NULL, NULL, 0, NULL),
(538, 17, 18, NULL, 2, 'ОГД 01', 'ОГД 01', 4, NULL, NULL, NULL, NULL, 44, NULL, 110, 0, 44, NULL, NULL, NULL, NULL, 0, NULL),
(539, 17, 18, NULL, 2, 'ОГД 01', 'ОГД 01', 5, NULL, NULL, NULL, NULL, 26, NULL, 110, 0, 26, NULL, NULL, NULL, NULL, 0, NULL),
(540, 17, 19, NULL, 2, 'ОГД 02', 'ОГД 02', 3, NULL, NULL, NULL, NULL, 40, NULL, 123, NULL, 40, NULL, NULL, NULL, NULL, 0, NULL),
(541, 17, 19, NULL, 2, 'ОГД 02', 'ОГД 02', 4, NULL, NULL, NULL, NULL, 44, NULL, 123, 0, 44, NULL, NULL, NULL, NULL, 0, NULL),
(542, 17, 19, NULL, 2, 'ОГД 02', 'ОГД 02', 5, NULL, NULL, NULL, NULL, 39, NULL, 123, 0, 39, NULL, NULL, NULL, NULL, 0, NULL),
(543, 17, 17, NULL, 2, 'ОГД 03', 'ОГД 03', 3, NULL, NULL, NULL, NULL, 40, 8, 192, 8, 32, NULL, NULL, NULL, NULL, 0, NULL),
(544, 17, 17, NULL, 2, 'ОГД 03', 'ОГД 03', 4, NULL, NULL, NULL, NULL, 44, 8, 192, 0, 44, NULL, NULL, NULL, NULL, 0, NULL),
(545, 17, 17, NULL, 2, 'ОГД 03', 'ОГД 03', 5, NULL, NULL, NULL, NULL, 52, 8, 192, 0, 52, NULL, NULL, NULL, NULL, 0, NULL);
INSERT INTO `plans` (`id`, `group_id`, `subject_id`, `teacher_id`, `cikl_id`, `shifr`, `shifr_kz`, `semestr`, `is_exam`, `is_zachet`, `is_project`, `controls`, `total`, `theory_main`, `practice_main`, `theory`, `practice`, `lab`, `project`, `exam`, `consul`, `subgroup`, `weeks`) VALUES
(546, 17, 17, NULL, 2, 'ОГД 03', 'ОГД 03', 7, NULL, NULL, NULL, NULL, 64, 8, 192, 0, 64, NULL, NULL, NULL, NULL, 0, NULL),
(547, 17, 20, NULL, 3, 'СЭД.01', 'СЭД.01', 1, NULL, NULL, NULL, NULL, 40, 40, NULL, 40, NULL, NULL, NULL, NULL, NULL, 0, NULL),
(548, 17, 21, NULL, 3, 'СЭД.02', 'СЭД.02', 5, NULL, NULL, NULL, NULL, 26, 26, NULL, 26, NULL, NULL, NULL, NULL, NULL, 0, NULL),
(549, 17, 24, NULL, 3, 'СЭД.04', 'СЭД.04', 1, NULL, NULL, NULL, NULL, 40, 40, NULL, 40, NULL, NULL, NULL, NULL, NULL, 0, NULL),
(550, 17, 23, NULL, 3, 'СЭД.05', 'СЭД.05', 1, NULL, NULL, NULL, NULL, 40, 40, NULL, 40, NULL, NULL, NULL, NULL, NULL, 0, NULL),
(551, 17, 33, NULL, 4, 'ОПД.10', 'ОПД.10', 5, NULL, 1, NULL, NULL, 39, 29, 10, 29, 10, NULL, NULL, NULL, NULL, 0, NULL),
(552, 17, 46, NULL, 5, 'ПП 01', 'ПП 01', 2, NULL, NULL, NULL, NULL, 36, NULL, 36, NULL, 36, NULL, NULL, NULL, NULL, 0, NULL),
(553, 17, 54, NULL, 5, 'ПП 18', 'ПП 18', 8, NULL, NULL, NULL, NULL, 216, NULL, 216, NULL, 216, NULL, NULL, NULL, NULL, 0, NULL),
(554, 17, 63, NULL, 9, 'ПА', 'ПА', 3, NULL, NULL, NULL, NULL, 72, NULL, 180, NULL, 72, NULL, NULL, NULL, NULL, 0, NULL),
(555, 17, 63, NULL, 9, 'ПА', 'ПА', 5, NULL, NULL, NULL, NULL, 72, NULL, 180, 0, 72, NULL, NULL, NULL, NULL, 0, NULL),
(556, 17, 63, NULL, 9, 'ПА', 'ПА', 7, NULL, NULL, NULL, NULL, 36, NULL, 180, 0, 36, NULL, NULL, NULL, NULL, 0, NULL),
(557, 17, 64, NULL, 9, 'ИА', 'ИА', 8, NULL, NULL, NULL, NULL, 72, NULL, 72, NULL, 72, NULL, NULL, NULL, NULL, 0, NULL),
(558, 17, 56, NULL, 8, 'ИА', 'ИА', 1, NULL, NULL, NULL, NULL, 20, NULL, NULL, NULL, NULL, NULL, NULL, NULL, NULL, 0, NULL),
(559, 17, 56, NULL, 8, 'ИА', 'ИА', 2, NULL, NULL, NULL, NULL, 18, NULL, NULL, 0, 0, NULL, NULL, NULL, NULL, 0, NULL),
(560, 17, 56, NULL, 8, 'ИА', 'ИА', 3, NULL, NULL, NULL, NULL, 20, NULL, NULL, 0, 0, NULL, NULL, NULL, NULL, 0, NULL),
(561, 17, 56, NULL, 8, 'ИА', 'ИА', 4, NULL, NULL, NULL, NULL, 10, NULL, NULL, 0, 0, NULL, NULL, NULL, NULL, 0, NULL),
(562, 17, 67, NULL, 8, 'ИА', 'ИА', 1, NULL, NULL, NULL, NULL, 12, NULL, NULL, NULL, NULL, NULL, NULL, NULL, NULL, 0, NULL),
(563, 17, 57, NULL, 8, 'ИА', 'ИА', 2, NULL, NULL, NULL, NULL, 16, NULL, NULL, NULL, NULL, NULL, NULL, NULL, NULL, 0, NULL),
(564, 17, 58, NULL, 8, 'ИА', 'ИА', 3, NULL, NULL, NULL, NULL, 16, NULL, NULL, NULL, NULL, NULL, NULL, NULL, NULL, 0, NULL),
(565, 17, 68, NULL, 8, 'ИА', 'ИА', 7, NULL, NULL, NULL, NULL, 20, NULL, NULL, NULL, NULL, NULL, NULL, NULL, NULL, 0, NULL),
(566, 17, 69, NULL, 8, 'ИА', 'ИА', 5, NULL, NULL, NULL, NULL, 10, NULL, NULL, NULL, NULL, NULL, NULL, NULL, NULL, 0, NULL),
(567, 17, 61, NULL, 8, 'ИА', 'ИА', 5, NULL, NULL, NULL, NULL, 36, NULL, NULL, NULL, NULL, NULL, NULL, NULL, NULL, 0, NULL),
(568, 17, 71, NULL, 4, 'ОПД.02', 'ОПД.02', 3, NULL, NULL, NULL, NULL, 20, 33, 20, 20, NULL, NULL, NULL, NULL, NULL, 0, NULL),
(569, 17, 71, NULL, 4, 'ОПД.02', 'ОПД.02', 4, NULL, 1, NULL, NULL, 33, 33, 20, 13, 20, NULL, NULL, NULL, NULL, 0, NULL),
(570, 17, 72, NULL, 4, 'ОПД.04', 'ОПД.04', 3, NULL, NULL, NULL, NULL, 20, 32, 10, 20, NULL, NULL, NULL, NULL, NULL, 0, NULL),
(571, 17, 72, NULL, 4, 'ОПД.04', 'ОПД.04', 4, NULL, 1, NULL, NULL, 22, 32, 10, 12, 10, NULL, NULL, NULL, NULL, 0, NULL),
(572, 17, 73, NULL, 4, 'ОПД.05', 'ОПД.05', 4, NULL, NULL, NULL, NULL, 22, 32, 16, 22, NULL, NULL, NULL, NULL, NULL, 0, NULL),
(573, 17, 73, NULL, 4, 'ОПД.05', 'ОПД.05', 5, NULL, 1, NULL, NULL, 26, 32, 16, 10, 16, NULL, NULL, NULL, NULL, 0, NULL),
(574, 17, 74, NULL, 4, 'ОПД.06', 'ОПД.06', 3, NULL, NULL, NULL, NULL, 20, 23, 30, 20, NULL, NULL, NULL, NULL, NULL, 0, NULL),
(575, 17, 74, NULL, 4, 'ОПД.06', 'ОПД.06', 4, NULL, 1, NULL, NULL, 33, 23, 30, 3, 30, NULL, NULL, NULL, NULL, 0, NULL),
(576, 17, 75, NULL, 4, 'ОПД.07', 'ОПД.07', 5, NULL, NULL, NULL, NULL, 26, 38, 20, 26, NULL, NULL, NULL, NULL, NULL, 0, NULL),
(577, 17, 75, NULL, 4, 'ОПД.07', 'ОПД.07', 7, NULL, 1, NULL, NULL, 32, 38, 20, 12, 20, NULL, NULL, NULL, NULL, 0, NULL),
(578, 17, 76, NULL, 4, 'ОПД.08', 'ОПД.08', 3, NULL, NULL, NULL, NULL, 30, 36, 16, 30, NULL, NULL, NULL, NULL, NULL, 0, NULL),
(579, 17, 76, NULL, 4, 'ОПД.08', 'ОПД.08', 4, NULL, 1, NULL, NULL, 22, 36, 16, 6, 16, NULL, NULL, NULL, NULL, 0, NULL),
(580, 17, 77, NULL, 4, 'ОПД.09', 'ОПД.09', 5, NULL, 1, NULL, NULL, 52, 32, 20, 32, 20, NULL, NULL, NULL, NULL, 0, NULL),
(581, 17, 78, NULL, 5, 'СД 01', 'СД 01', 7, NULL, 1, NULL, NULL, 48, 36, 12, 36, 12, NULL, NULL, NULL, NULL, 0, NULL),
(582, 17, 79, NULL, 5, 'СД 02', 'СД 02', 4, NULL, NULL, NULL, 1, 22, 40, 30, 22, NULL, NULL, NULL, NULL, NULL, 0, NULL),
(583, 17, 79, NULL, 5, 'СД 02', 'СД 02', 5, 1, NULL, 1, 1, 78, 40, 30, 18, 30, NULL, 30, 3, 2, 0, NULL),
(584, 17, 80, NULL, 5, 'СД 03', 'СД 03', 4, NULL, NULL, NULL, NULL, 22, 57, 30, 22, NULL, NULL, NULL, NULL, NULL, 0, NULL),
(585, 17, 80, NULL, 5, 'СД 03', 'СД 03', 5, 1, NULL, NULL, NULL, 65, 57, 30, 35, 30, NULL, NULL, 3, 2, 0, NULL),
(586, 17, 81, NULL, 5, 'СД 04', 'СД 04', 7, NULL, 1, NULL, NULL, 64, 44, 20, 44, 20, NULL, NULL, NULL, NULL, 0, NULL),
(587, 17, 82, NULL, 5, 'СД 05', 'СД 05', 7, NULL, 1, NULL, NULL, 64, 44, 20, 44, 20, NULL, NULL, NULL, NULL, 0, NULL),
(588, 17, 83, NULL, 5, 'СД 06', 'СД 06', 7, NULL, 1, NULL, NULL, 48, 38, 10, 38, 10, NULL, NULL, NULL, NULL, 0, NULL),
(589, 17, 84, NULL, 5, 'СД 07', 'СД 07', 7, NULL, 1, NULL, NULL, 48, 28, 20, 28, 20, NULL, NULL, NULL, NULL, 0, NULL),
(590, 17, 85, NULL, 5, 'СД 08', 'СД 08', 7, 1, NULL, NULL, NULL, 80, 54, 26, 54, 26, NULL, NULL, 3, 2, 0, NULL),
(591, 17, 86, NULL, 5, 'СД 09', 'СД 09', 7, NULL, 1, NULL, NULL, 48, 48, NULL, 48, NULL, NULL, NULL, NULL, NULL, 0, NULL),
(592, 17, 87, NULL, 5, 'ПП 02', 'ПП 02', 3, NULL, NULL, NULL, NULL, 144, NULL, 144, NULL, 144, NULL, NULL, NULL, NULL, 0, NULL),
(593, 17, 88, NULL, 5, 'ПП 03', 'ПП 03', 5, NULL, NULL, NULL, NULL, 144, NULL, 144, NULL, 144, NULL, NULL, NULL, NULL, 0, NULL),
(594, 17, 89, NULL, 5, 'ПП 04', 'ПП 04', 3, NULL, NULL, NULL, NULL, 144, NULL, 144, NULL, 144, NULL, NULL, NULL, NULL, 0, NULL),
(595, 17, 90, NULL, 5, 'ПП 05', 'ПП 05', 4, NULL, NULL, NULL, NULL, 108, NULL, 108, NULL, 108, NULL, NULL, NULL, NULL, 0, NULL),
(596, 17, 91, NULL, 5, 'ПП 06', 'ПП 06', 4, NULL, NULL, NULL, NULL, 108, NULL, 108, NULL, 108, NULL, NULL, NULL, NULL, 0, NULL),
(597, 17, 92, NULL, 5, 'ПП 07', 'ПП 07', 4, NULL, NULL, NULL, NULL, 108, NULL, 108, NULL, 108, NULL, NULL, NULL, NULL, 0, NULL),
(598, 17, 93, NULL, 5, 'ПП 08', 'ПП 08', 6, NULL, NULL, NULL, NULL, 108, NULL, 108, NULL, 108, NULL, NULL, NULL, NULL, 0, NULL),
(599, 17, 94, NULL, 5, 'ПП 09', 'ПП 09', 6, NULL, NULL, NULL, NULL, 144, NULL, 144, NULL, 144, NULL, NULL, NULL, NULL, 0, NULL),
(600, 17, 95, NULL, 5, 'ПП 10', 'ПП 10', 6, NULL, NULL, NULL, NULL, 108, NULL, 108, NULL, 108, NULL, NULL, NULL, NULL, 0, NULL),
(601, 17, 96, NULL, 5, 'ПП 11', 'ПП 11', 6, NULL, NULL, NULL, NULL, 108, NULL, 108, NULL, 108, NULL, NULL, NULL, NULL, 0, NULL),
(602, 17, 97, NULL, 5, 'ПП 12', 'ПП 12', 6, NULL, NULL, NULL, NULL, 36, NULL, 36, NULL, 36, NULL, NULL, NULL, NULL, 0, NULL),
(603, 17, 98, NULL, 5, 'ПП 13', 'ПП 13', 6, NULL, NULL, NULL, NULL, 108, NULL, 108, NULL, 108, NULL, NULL, NULL, NULL, 0, NULL),
(604, 17, 99, NULL, 5, 'ПП 14', 'ПП 14', 6, NULL, NULL, NULL, NULL, 144, NULL, 144, NULL, 144, NULL, NULL, NULL, NULL, 0, NULL),
(605, 17, 100, NULL, 5, 'ПП 15', 'ПП 15', 8, NULL, NULL, NULL, NULL, 180, NULL, 180, NULL, 180, NULL, NULL, NULL, NULL, 0, NULL),
(606, 17, 101, NULL, 5, 'ПП 16', 'ПП 16', 8, NULL, NULL, NULL, NULL, 180, NULL, 180, NULL, 180, NULL, NULL, NULL, NULL, 0, NULL),
(607, 17, 102, NULL, 5, 'ПП 17', 'ПП 17', 8, NULL, NULL, NULL, NULL, 180, NULL, 180, NULL, 180, NULL, NULL, NULL, NULL, 0, NULL),
(608, 18, 1, NULL, 1, 'ООД 01', 'ООД 01', 1, NULL, 1, NULL, 1, 38, NULL, 110, NULL, 38, NULL, NULL, NULL, NULL, 0, NULL),
(609, 18, 1, NULL, 1, 'ООД 01', 'ООД 01', 2, NULL, NULL, NULL, NULL, 40, NULL, 110, 0, 40, NULL, NULL, NULL, NULL, 0, NULL),
(610, 18, 1, NULL, 1, 'ООД 01', 'ООД 01', 3, 1, NULL, NULL, 1, 32, NULL, 110, 0, 32, NULL, NULL, 3, 2, 0, NULL),
(611, 18, 3, NULL, 1, 'ООД 01', 'ООД 01', 1, NULL, NULL, NULL, NULL, 38, 58, NULL, 38, NULL, NULL, NULL, NULL, NULL, 0, NULL),
(612, 18, 3, NULL, 1, 'ООД 01', 'ООД 01', 2, NULL, NULL, NULL, NULL, 20, 58, NULL, 20, NULL, NULL, NULL, NULL, NULL, 0, NULL),
(613, 18, 2, NULL, 1, 'ООД 02', 'ООД 02', 1, NULL, NULL, NULL, NULL, 38, NULL, 58, NULL, 38, NULL, NULL, NULL, NULL, 0, NULL),
(614, 18, 2, NULL, 1, 'ООД 02', 'ООД 02', 2, NULL, NULL, NULL, NULL, 20, NULL, 58, 0, 20, NULL, NULL, NULL, NULL, 0, NULL),
(615, 18, 4, NULL, 1, 'ООД 02', 'ООД 02', 1, NULL, 1, NULL, 1, 38, 110, NULL, 38, NULL, NULL, NULL, NULL, NULL, 0, NULL),
(616, 18, 4, NULL, 1, 'ООД 02', 'ООД 02', 2, NULL, NULL, NULL, NULL, 40, 110, NULL, 40, NULL, NULL, NULL, NULL, NULL, 0, NULL),
(617, 18, 4, NULL, 1, 'ООД 02', 'ООД 02', 3, 1, NULL, NULL, 1, 32, 110, NULL, 32, NULL, NULL, NULL, 3, 2, 0, NULL),
(618, 18, 5, NULL, 1, 'ООД 03', 'ООД 03', 1, NULL, 1, NULL, 1, 76, NULL, 136, NULL, 76, NULL, NULL, NULL, NULL, 0, NULL),
(619, 18, 5, NULL, 1, 'ООД 03', 'ООД 03', 2, NULL, NULL, NULL, NULL, 60, NULL, 136, 0, 60, NULL, NULL, NULL, NULL, 0, NULL),
(620, 18, 7, NULL, 1, 'ООД 04', 'ООД 04', 1, NULL, 1, NULL, 1, 38, 72, 38, 38, NULL, NULL, NULL, NULL, NULL, 0, NULL),
(621, 18, 7, NULL, 1, 'ООД 04', 'ООД 04', 2, NULL, NULL, NULL, NULL, 40, 72, 38, 34, 6, NULL, NULL, NULL, NULL, 0, NULL),
(622, 18, 7, NULL, 1, 'ООД 04', 'ООД 04', 3, 1, NULL, NULL, 1, 32, 72, 38, 0, 32, NULL, NULL, 3, 2, 0, NULL),
(623, 18, 6, NULL, 1, 'ООД 05', 'ООД 05', 1, NULL, 1, NULL, 1, 38, 38, NULL, 38, NULL, NULL, NULL, NULL, NULL, 0, NULL),
(624, 18, 8, NULL, 1, 'ООД 06', 'ООД 06', 2, NULL, 1, NULL, 1, 40, 40, NULL, 40, NULL, NULL, NULL, NULL, NULL, 0, NULL),
(625, 18, 9, NULL, 1, 'ООД 07', 'ООД 07', 1, NULL, 1, NULL, 1, 38, 74, 52, 38, NULL, NULL, NULL, NULL, NULL, 0, NULL),
(626, 18, 9, NULL, 1, 'ООД 07', 'ООД 07', 2, NULL, NULL, NULL, NULL, 40, 74, 52, 36, 4, NULL, NULL, NULL, NULL, 0, NULL),
(627, 18, 9, NULL, 1, 'ООД 07', 'ООД 07', 3, 1, NULL, NULL, 1, 48, 74, 52, 0, 48, NULL, NULL, 3, 2, 0, NULL),
(628, 18, 10, NULL, 1, 'ООД 08', 'ООД 08', 1, NULL, NULL, NULL, 1, 38, NULL, 78, NULL, 38, NULL, NULL, NULL, NULL, 0, NULL),
(629, 18, 10, NULL, 1, 'ООД 08', 'ООД 08', 2, NULL, 1, NULL, NULL, 40, NULL, 78, 0, 40, NULL, NULL, NULL, NULL, 0, NULL),
(630, 18, 11, NULL, 1, 'ООД 09', 'ООД 09', 1, NULL, NULL, NULL, 1, 57, 69, 48, 57, NULL, NULL, NULL, NULL, NULL, 0, NULL),
(631, 18, 11, NULL, 1, 'ООД 09', 'ООД 09', 2, NULL, 1, NULL, NULL, 60, 69, 48, 12, 48, NULL, NULL, NULL, NULL, 0, NULL),
(632, 18, 12, NULL, 1, 'ООД 10', 'ООД 10', 1, NULL, 1, NULL, 1, 57, 59, 38, 57, NULL, NULL, NULL, NULL, NULL, 0, NULL),
(633, 18, 12, NULL, 1, 'ООД 10', 'ООД 10', 2, NULL, NULL, NULL, NULL, 40, 59, 38, 2, 38, NULL, NULL, NULL, NULL, 0, NULL),
(634, 18, 13, NULL, 1, 'ООД 11', 'ООД 11', 2, NULL, 1, NULL, 1, 40, 26, 14, 26, 14, NULL, NULL, NULL, NULL, 0, NULL),
(635, 18, 14, NULL, 1, 'ООД 12', 'ООД 12', 1, NULL, 1, NULL, 1, 38, 22, 16, 22, 16, NULL, NULL, NULL, NULL, 0, NULL),
(636, 18, 15, NULL, 1, 'ООД 13', 'ООД 13', 1, NULL, 1, NULL, NULL, 38, 58, NULL, 38, NULL, NULL, NULL, NULL, NULL, 0, NULL),
(637, 18, 15, NULL, 1, 'ООД 13', 'ООД 13', 2, NULL, NULL, NULL, NULL, 20, 58, NULL, 20, NULL, NULL, NULL, NULL, NULL, 0, NULL),
(638, 18, 15, NULL, 1, 'ООД 13', 'ООД 13', 7, NULL, NULL, NULL, NULL, 64, 58, NULL, 0, NULL, NULL, NULL, NULL, NULL, 0, NULL),
(639, 18, 16, NULL, 1, 'ООД 13', 'ООД 13', 2, NULL, NULL, NULL, NULL, 36, NULL, 36, NULL, 36, NULL, NULL, NULL, NULL, 0, NULL),
(640, 18, 16, NULL, 1, 'ООД 13', 'ООД 13', 7, NULL, NULL, NULL, NULL, 36, NULL, 36, 0, 0, NULL, NULL, NULL, NULL, 0, NULL),
(641, 18, 17, NULL, 1, 'ООД 14', 'ООД 14', 1, NULL, 1, NULL, NULL, 76, 2, 154, 2, 74, NULL, NULL, NULL, NULL, 0, NULL),
(642, 18, 17, NULL, 1, 'ООД 14', 'ООД 14', 2, NULL, NULL, NULL, NULL, 80, 2, 154, 0, 80, NULL, NULL, NULL, NULL, 0, NULL),
(643, 18, 18, NULL, 2, 'ОГД 01', 'ОГД 01', 4, NULL, 1, NULL, 1, 42, NULL, 70, NULL, 42, NULL, NULL, NULL, NULL, 0, NULL),
(644, 18, 18, NULL, 2, 'ОГД 01', 'ОГД 01', 5, NULL, NULL, NULL, NULL, 28, NULL, 70, 0, 28, NULL, NULL, NULL, NULL, 0, NULL),
(645, 18, 19, NULL, 2, 'ОГД 02', 'ОГД 02', 4, NULL, 1, NULL, 1, 42, NULL, 70, NULL, 42, NULL, NULL, NULL, NULL, 0, NULL),
(646, 18, 19, NULL, 2, 'ОГД 02', 'ОГД 02', 5, NULL, NULL, NULL, NULL, 28, NULL, 70, 0, 28, NULL, NULL, NULL, NULL, 0, NULL),
(647, 18, 17, NULL, 2, 'ОГД 03', 'ОГД 03', 3, NULL, 1, NULL, NULL, 64, 6, 202, 6, 58, NULL, NULL, NULL, NULL, 0, NULL),
(648, 18, 17, NULL, 2, 'ОГД 03', 'ОГД 03', 4, NULL, NULL, NULL, NULL, 56, 6, 202, 0, 56, NULL, NULL, NULL, NULL, 0, NULL),
(649, 18, 17, NULL, 2, 'ОГД 03', 'ОГД 03', 5, NULL, NULL, NULL, NULL, 56, 6, 202, 0, 56, NULL, NULL, NULL, NULL, 0, NULL),
(650, 18, 17, NULL, 2, 'ОГД 03', 'ОГД 03', 6, 1, NULL, NULL, NULL, 32, 6, 202, 0, 32, NULL, NULL, 3, 2, 0, NULL),
(651, 18, 20, NULL, 3, 'СЭД 01', 'СЭД 01', 2, NULL, 1, NULL, 1, 40, 24, 16, 24, 16, NULL, NULL, NULL, NULL, 0, NULL),
(652, 18, 21, NULL, 3, 'СЭД 02', 'СЭД 02', 2, NULL, 1, NULL, 1, 40, 24, 16, 24, 16, NULL, NULL, NULL, NULL, 0, NULL),
(653, 18, 22, NULL, 3, 'СЭД 03', 'СЭД 03', 5, NULL, 1, NULL, 1, 28, 16, 12, 16, 12, NULL, NULL, NULL, NULL, 0, NULL),
(654, 18, 23, NULL, 3, 'СЭД 04', 'СЭД 04', 1, NULL, 1, NULL, 1, 38, 22, 16, 22, 16, NULL, NULL, NULL, NULL, 0, NULL),
(655, 18, 24, NULL, 3, 'СЭД 05', 'СЭД 05', 2, NULL, 1, NULL, 1, 40, 26, 14, 26, 14, NULL, NULL, NULL, NULL, 0, NULL),
(656, 18, 27, NULL, 4, 'ОПД 05', 'ОПД 05', 5, NULL, 1, NULL, 1, 42, 24, 18, 24, 18, NULL, NULL, NULL, NULL, 0, NULL),
(657, 18, 46, NULL, 5, 'ПП 01', 'ПП 01', 3, NULL, NULL, NULL, NULL, 36, NULL, 36, NULL, 36, NULL, NULL, NULL, NULL, 0, NULL),
(658, 18, 46, NULL, 5, 'ПП 01', 'ПП 01', 7, NULL, NULL, NULL, NULL, 36, NULL, 36, 0, 0, NULL, NULL, NULL, NULL, 0, NULL),
(659, 18, 63, NULL, 9, 'ПП.00', 'ПП.00', 3, NULL, NULL, NULL, NULL, 72, NULL, 180, NULL, 72, NULL, NULL, NULL, NULL, 0, NULL),
(660, 18, 63, NULL, 9, 'ПП.00', 'ПП.00', 4, NULL, NULL, NULL, NULL, 36, NULL, 180, 0, 36, NULL, NULL, NULL, NULL, 0, NULL),
(661, 18, 63, NULL, 9, 'ПП.00', 'ПП.00', 5, NULL, NULL, NULL, NULL, 36, NULL, 180, 0, 36, NULL, NULL, NULL, NULL, 0, NULL),
(662, 18, 63, NULL, 9, 'ПП.00', 'ПП.00', 6, NULL, NULL, NULL, NULL, 36, NULL, 180, 0, 36, NULL, NULL, NULL, NULL, 0, NULL),
(663, 18, 63, NULL, 9, 'ПП.00', 'ПП.00', 7, NULL, NULL, NULL, NULL, 180, NULL, 180, 0, 0, NULL, NULL, NULL, NULL, 0, NULL),
(664, 18, 64, NULL, 9, 'ИА.01', 'ИА.01', 6, NULL, NULL, NULL, NULL, 60, NULL, 60, NULL, 60, NULL, NULL, NULL, NULL, 0, NULL),
(665, 18, 64, NULL, 9, 'ИА.01', 'ИА.01', 7, NULL, NULL, NULL, NULL, 60, NULL, 60, 0, 0, NULL, NULL, NULL, NULL, 0, NULL),
(666, 18, 65, NULL, 9, 'ИА.02 (ОУПП К)', 'ИА.02 (ОУПП К)', 6, NULL, NULL, NULL, NULL, 12, NULL, 12, NULL, 12, NULL, NULL, NULL, NULL, 0, NULL),
(667, 18, 65, NULL, 9, 'ИА.02 (ОУПП К)', 'ИА.02 (ОУПП К)', 7, NULL, NULL, NULL, NULL, 12, NULL, 12, 0, 0, NULL, NULL, NULL, NULL, 0, NULL),
(668, 18, 56, NULL, 8, 'ИА.02 (ОУПП К)', 'ИА.02 (ОУПП К)', 1, NULL, NULL, NULL, NULL, 19, NULL, NULL, NULL, NULL, NULL, NULL, NULL, NULL, 0, NULL),
(669, 18, 56, NULL, 8, 'ИА.02 (ОУПП К)', 'ИА.02 (ОУПП К)', 2, NULL, NULL, NULL, NULL, 18, NULL, NULL, 0, 0, NULL, NULL, NULL, NULL, 0, NULL),
(670, 18, 56, NULL, 8, 'ИА.02 (ОУПП К)', 'ИА.02 (ОУПП К)', 3, NULL, NULL, NULL, NULL, 18, NULL, NULL, 0, 0, NULL, NULL, NULL, NULL, 0, NULL),
(671, 18, 56, NULL, 8, 'ИА.02 (ОУПП К)', 'ИА.02 (ОУПП К)', 4, NULL, NULL, NULL, NULL, 13, NULL, NULL, 0, 0, NULL, NULL, NULL, NULL, 0, NULL),
(672, 18, 67, NULL, 8, 'ИА.02 (ОУПП К)', 'ИА.02 (ОУПП К)', 1, NULL, NULL, NULL, NULL, 12, NULL, NULL, NULL, NULL, NULL, NULL, NULL, NULL, 0, NULL),
(673, 18, 57, NULL, 8, 'ИА.02 (ОУПП К)', 'ИА.02 (ОУПП К)', 2, NULL, NULL, NULL, NULL, 16, NULL, NULL, NULL, NULL, NULL, NULL, NULL, NULL, 0, NULL),
(674, 18, 58, NULL, 8, 'ИА.02 (ОУПП К)', 'ИА.02 (ОУПП К)', 3, NULL, NULL, NULL, NULL, 16, NULL, NULL, NULL, NULL, NULL, NULL, NULL, NULL, 0, NULL),
(675, 18, 68, NULL, 8, 'ИА.02 (ОУПП К)', 'ИА.02 (ОУПП К)', 5, NULL, NULL, NULL, NULL, 20, NULL, NULL, NULL, NULL, NULL, NULL, NULL, NULL, 0, NULL),
(676, 18, 69, NULL, 8, 'ИА.02 (ОУПП К)', 'ИА.02 (ОУПП К)', 5, NULL, NULL, NULL, NULL, 10, NULL, NULL, NULL, NULL, NULL, NULL, NULL, NULL, 0, NULL),
(677, 18, 61, NULL, 8, 'ИА.02 (ОУПП К)', 'ИА.02 (ОУПП К)', 6, NULL, NULL, NULL, NULL, 36, NULL, NULL, NULL, NULL, NULL, NULL, NULL, NULL, 0, NULL),
(678, 18, 62, NULL, 8, 'ИА.02 (ОУПП К)', 'ИА.02 (ОУПП К)', 1, NULL, NULL, NULL, NULL, 45, NULL, NULL, NULL, NULL, NULL, NULL, NULL, NULL, 0, NULL),
(679, 18, 62, NULL, 8, 'ИА.02 (ОУПП К)', 'ИА.02 (ОУПП К)', 2, NULL, NULL, NULL, NULL, 32, NULL, NULL, 0, 0, NULL, NULL, NULL, NULL, 0, NULL),
(680, 18, 62, NULL, 8, 'ИА.02 (ОУПП К)', 'ИА.02 (ОУПП К)', 3, NULL, NULL, NULL, NULL, 20, NULL, NULL, 0, 0, NULL, NULL, NULL, NULL, 0, NULL),
(681, 18, 62, NULL, 8, 'ИА.02 (ОУПП К)', 'ИА.02 (ОУПП К)', 4, NULL, NULL, NULL, NULL, 43, NULL, NULL, 0, 0, NULL, NULL, NULL, NULL, 0, NULL),
(682, 18, 62, NULL, 8, 'ИА.02 (ОУПП К)', 'ИА.02 (ОУПП К)', 5, NULL, NULL, NULL, NULL, 22, NULL, NULL, 0, 0, NULL, NULL, NULL, NULL, 0, NULL);

-- --------------------------------------------------------

--
-- Структура таблицы `schedules`
--

CREATE TABLE `schedules` (
  `id` int(11) NOT NULL,
  `group_id` int(11) NOT NULL,
  `year` int(11) NOT NULL,
  `semestr` int(11) NOT NULL,
  `subject` varchar(255) NOT NULL,
  `num` int(11) NOT NULL,
  `cab` varchar(90) DEFAULT NULL,
  `teacher` varchar(255) DEFAULT NULL,
  `day` int(11) NOT NULL
) ENGINE=InnoDB DEFAULT CHARSET=utf8 ROW_FORMAT=COMPACT;

--
-- Дамп данных таблицы `schedules`
--

INSERT INTO `schedules` (`id`, `group_id`, `year`, `semestr`, `subject`, `num`, `cab`, `teacher`, `day`) VALUES
(1, 16, 2019, 1, 'Физика', 1, NULL, 'Жагапарова Г.С.', 1),
(2, 16, 2019, 1, 'Информатика', 2, NULL, 'Джакина А.А./Садыкова Ж.Е.', 1),
(3, 16, 2019, 1, 'НВП', 3, NULL, 'Кабдыгалиев Е.К.', 1),
(4, 16, 2019, 1, 'Русский язык                                                                                       Зарипова Д.Н.', 4, NULL, 'Казахская литература Омарова К.А.', 1),
(5, 16, 2019, 1, 'Химия', 1, NULL, 'Каримова Т.Т.', 2),
(6, 16, 2019, 1, 'Математика', 2, NULL, 'Саденова Р.Ж.', 2),
(7, 16, 2019, 1, 'Казахская литература', 3, NULL, 'Омарова К.А.', 2),
(8, 16, 2019, 1, 'Физическая культура', 1, NULL, 'Бондарь В.Н./Серёгина Е.А.', 3),
(9, 16, 2019, 1, 'Казахский язык', 2, NULL, 'Абышева А.Б./Жактай А.М.', 3),
(10, 16, 2019, 1, 'Всемирная история', 3, NULL, 'Кизатова Г.С.', 3),
(11, 16, 2019, 1, 'Иностранный язык', 4, NULL, 'Шнайдер С.А./Мустафин Е.Е.', 3),
(12, 16, 2019, 1, 'География', 1, NULL, 'Солтанова А.М.', 4),
(13, 16, 2019, 1, 'Русская литература', 2, NULL, 'Сагатова А.К.', 4),
(14, 16, 2019, 1, 'Математика', 3, NULL, 'Саденова Р.Ж.', 4),
(15, 16, 2019, 1, 'Физика', 4, NULL, 'Жагапарова Г.С.', 4),
(16, 16, 2019, 1, 'Иностранный язык', 1, NULL, 'Шнайдер С.А./Мустафин Е.Е.', 5),
(17, 16, 2019, 1, 'Физическая культура', 2, NULL, 'Бондарь В.Н./Серёгина Е.А.', 5),
(18, 16, 2019, 1, 'Русский язык', 3, NULL, 'Зарипова Д.Н.', 5),
(19, 17, 2019, 1, 'Физическая культура', 1, NULL, 'Кривушкин В.П./Серёгина Е.А.', 1),
(20, 17, 2019, 1, 'Математика', 2, NULL, 'Комарова Н.В.', 1),
(21, 17, 2019, 1, 'Информатика', 3, NULL, 'Джакина А.А./Комарова Н.В.', 1),
(22, 17, 2019, 1, 'Казахский язык                             Абышева А.Б./Омарова К.А.', 4, NULL, 'Физика                Хасенова А.Х.', 1),
(23, 17, 2019, 1, 'Основы экономики', 1, NULL, 'Жумалиева Е.С.', 2),
(24, 17, 2019, 1, 'Казахская литература', 2, NULL, 'Омарова К.А.', 2),
(25, 17, 2019, 1, 'Иностранный язык', 3, NULL, 'Кажикенова Г.М./Мустафин Е.Е.', 2),
(26, 17, 2019, 1, 'Физика', 1, NULL, 'Хасенова А.Х.', 3),
(27, 17, 2019, 1, 'Культурология', 2, NULL, 'Солтанова А.М.', 3),
(28, 17, 2019, 1, 'Физическая культура', 3, NULL, 'Кривушкин В.П./Серёгина Е.А.', 3),
(29, 17, 2019, 1, 'Математика', 4, NULL, 'Комарова Н.В.', 3),
(30, 17, 2019, 1, 'Русская литература                  Зарипова Д.Н.', 1, NULL, 'Иностранный язык Кажикенова Г.М./Мустафин Е.Е.', 4),
(31, 17, 2019, 1, 'Химия', 2, NULL, 'Каримова Т.Т.', 4),
(32, 17, 2019, 1, 'Основы права', 3, NULL, 'Льясова А.А.', 4),
(33, 17, 2019, 1, 'Казахский язык', 4, NULL, 'Абышева А.Б./Омарова К.А.', 4),
(34, 17, 2019, 1, 'Русский язык', 1, NULL, 'Зарипова Д.Н.', 5),
(35, 17, 2019, 1, 'Русская литература', 2, NULL, 'Зарипова Д.Н.', 5),
(36, 17, 2019, 1, 'Начальная военная подготовка', 3, NULL, 'Кабдыгалиев Е.К.', 5),
(37, 18, 2019, 1, 'Казахская литература', 1, NULL, 'Абышева А.Б.', 1),
(38, 18, 2019, 1, 'Всемирная история', 2, NULL, 'Кизатова Г.С.', 1),
(39, 18, 2019, 1, 'Казахский язык', 3, NULL, 'Абышева А.Б./Жактай А.М.', 1),
(40, 18, 2019, 1, 'География', 4, NULL, 'Солтанова А.М.', 1),
(41, 18, 2019, 1, 'Химия              Каримова Т.Т.', 1, NULL, 'Физика        Жагапарова Г.С.', 2),
(42, 18, 2019, 1, 'Иностранный язык', 2, NULL, 'Шнайдер С.А./Кажикенова Г.М.', 2),
(43, 18, 2019, 1, 'Русская литература', 3, NULL, 'Зарипова Д.Н.', 2),
(44, 18, 2019, 1, 'Физическая культура', 4, NULL, 'Бондарь В.Н./Серёгина Е.А.', 2),
(45, 18, 2019, 1, 'НВП', 1, NULL, 'Кабдыгалиев Е.К.', 3),
(46, 18, 2019, 1, 'Математика', 2, NULL, 'Комарова Н.В.', 3),
(47, 18, 2019, 1, 'Физика', 3, NULL, 'Жагапарова Г.С.', 3),
(48, 18, 2019, 1, 'История Казахстана', 1, NULL, 'Кизатова Г.С.', 4),
(49, 18, 2019, 1, 'Физическая культура', 2, NULL, 'Бондарь В.Н./Серёгина Е.А.', 4),
(50, 18, 2019, 1, 'Иностранный язык', 3, NULL, 'Шнайдер С.А./Кажикенова Г.М.', 4),
(51, 18, 2019, 1, 'Русский язык', 1, NULL, 'Сагатова А.К.', 5),
(52, 18, 2019, 1, 'Химия', 2, NULL, 'Каримова Т.Т.', 5),
(53, 18, 2019, 1, 'Информатика', 3, NULL, 'Джакина А.А./Курмангазина А.Ж.', 5),
(54, 18, 2019, 1, 'Основы экономики', 4, NULL, 'Холодова С.М.', 5),
(55, 19, 2019, 1, 'ОАиП', 1, NULL, 'Жалпаков Т.Т.', 1),
(56, 19, 2019, 1, 'Физическая культура', 2, NULL, 'Бондарь В.Н./Кривушкин В.П.', 1),
(57, 19, 2019, 1, 'Weв-программирование', 3, NULL, 'Шойтынов Д.Р.', 1),
(58, 19, 2019, 1, 'Профессиональный иностранный язык', 1, NULL, 'Кажикенова Г.М./Мустафин Е.Е.', 2),
(59, 19, 2019, 1, 'Казахский язык', 2, NULL, 'Абышева А.Б./Жактай А.М.', 2),
(60, 19, 2019, 1, 'Основы менеджмента и маркетинга', 3, NULL, 'Холодова С.М.', 2),
(61, 19, 2019, 1, 'Основы высшей математики', 4, NULL, 'Комарова Н.В.', 2),
(62, 19, 2019, 1, 'ОАиП               Жалпаков Т.Т.', 1, NULL, 'Основы высшей математики    Комарова Н.В.', 3),
(63, 19, 2019, 1, 'История Казахстана', 2, NULL, 'Кизатова Г.С.', 3),
(64, 19, 2019, 1, 'Профессиональный казахский язык', 3, NULL, 'Абышева А.Б./Жактай А.М.', 3),
(65, 19, 2019, 1, 'Физическая культура', 4, NULL, 'Бондарь В.Н./Кривушкин В.П.', 3),
(66, 19, 2019, 1, '-----', 1, NULL, '', 4),
(67, 19, 2019, 1, 'Русская литература', 2, NULL, 'Зарипова Д.Н.', 4),
(68, 19, 2019, 1, 'Математика', 3, NULL, 'Комарова Н.В.', 4),
(69, 19, 2019, 1, 'ОСиСО', 4, NULL, 'Рахимбаев М.М.', 4),
(70, 19, 2019, 1, 'Физика', 1, NULL, 'Жагапарова Г.С.', 5),
(71, 19, 2019, 1, 'Weв-программирование             Шойтынов Д.Р.', 2, NULL, 'КГиГ       Джакина А.А..', 5),
(72, 19, 2019, 1, 'Основы политологии и социологии', 3, NULL, 'Льясова А.А.', 5),
(73, 19, 2019, 1, 'Делопроизводство на казахском языке', 4, NULL, 'Жактай А.М.', 5),
(74, 20, 2019, 1, 'Weв-программирование', 1, NULL, 'Шойтынов Д.Р.', 1),
(75, 20, 2019, 1, 'ОАиП', 2, NULL, 'Жалпаков Т.Т.', 1),
(76, 20, 2019, 1, 'Основы менеджмента и маркетинга', 3, NULL, 'Холодова С.М.', 1),
(77, 20, 2019, 1, 'Физика', 4, NULL, 'Жагапарова Г.С.', 1),
(78, 20, 2019, 1, 'Математика', 1, NULL, 'Комарова Н.В.', 2),
(79, 20, 2019, 1, 'Основы социологии и политологии', 2, NULL, 'Льясова А.А.', 2),
(80, 20, 2019, 1, 'История Казахстана', 3, NULL, 'Кизатова Г.С.', 2),
(81, 20, 2019, 1, 'Казахский язык', 4, NULL, 'Абышева А.Б./Омарова К.А.', 2),
(82, 20, 2019, 1, 'Основы высшей математики    Комарова Н.В.', 1, NULL, 'КГиГ    Джакина А.А.', 3),
(83, 20, 2019, 1, 'Физическая культура', 2, NULL, 'Бондарь В.Н./Серёгина Е.А.', 3),
(84, 20, 2019, 1, 'ОСиСО', 3, NULL, 'Рахимбаев М.М.', 3),
(85, 20, 2019, 1, 'Профессиональный казахский язык', 4, NULL, 'Абышева А.Б./Жактай А.М.', 3),
(86, 20, 2019, 1, '-----', 1, NULL, '', 4),
(87, 20, 2019, 1, 'Основы высшей математики', 2, NULL, 'Комарова Н.В.', 4),
(88, 20, 2019, 1, 'Делопроизводство на казахском языке', 3, NULL, 'Жактай А.М.', 4),
(89, 20, 2019, 1, 'Русская литература', 4, NULL, 'Зарипова Д.Н.', 4),
(90, 20, 2019, 1, 'Физическая культура', 1, NULL, 'Бондарь В.Н./Серёгина Е.А.', 5),
(91, 20, 2019, 1, 'ОАиП               Жалпаков Т.Т.', 2, NULL, 'Weв-программирование             Шойтынов Д.Р.', 5),
(92, 20, 2019, 1, 'Профессиональный иностранный язык', 3, NULL, 'Шнайдер С.А./Мустафин Е.Е.', 5),
(93, 21, 2019, 1, 'Техническое оснащение предприятия (отрасли) и охрана труда', 1, NULL, 'Холодова С.М.', 1),
(94, 21, 2019, 1, 'Основы маркетинга', 2, NULL, 'Холодова С.М.', 1),
(95, 21, 2019, 1, 'Этика и психология деловых отношений', 3, NULL, 'Муканова Д.Ж.', 1),
(96, 21, 2019, 1, 'Физическая культура', 4, NULL, 'Кривушкин В.П.', 1),
(97, 21, 2019, 1, 'Организация и технология отрасли', 1, NULL, 'Жумалиева Е.С.', 2),
(98, 21, 2019, 1, 'Дисциплина с учетом специализации отрасли', 2, NULL, 'Жумалиева Е.С.', 2),
(99, 21, 2019, 1, 'Математика', 3, NULL, 'Комарова Н.В.', 2),
(100, 21, 2019, 1, 'Экономическая информатика и ВТ  Джакина А.А.', 1, NULL, 'Этика и психология деловых отношений       Муканова Д.Ж.', 3),
(101, 21, 2019, 1, 'Физическая культура', 2, NULL, 'Кривушкин В.П.', 3),
(102, 21, 2019, 1, 'Основы микро и макроэкономики', 3, NULL, 'Холодова С.М.', 3),
(103, 21, 2019, 1, 'Организация и технология отрасли                  Жумалиева Е.С.', 4, NULL, 'Дисциплина с учетом специализации отрасли                                                         Жумалиева Е.С.', 3),
(104, 21, 2019, 1, 'Экономическая информатика и ВТ', 1, NULL, 'Джакина А.А.', 4),
(105, 21, 2019, 1, 'Основы микро и макро экономики          Холодова С.М..', 2, NULL, 'Основы маркетинга                                                                                                                   Холодова С.М.', 4),
(106, 21, 2019, 1, 'Русская литература', 3, NULL, 'Зарипова Д.Н.', 4),
(107, 21, 2019, 1, 'История Казахстана', 4, NULL, 'Кизатова Г.С.', 4),
(108, 21, 2019, 1, 'Техническое оснащение предприятия (отрасли) и охрана труда            Холодова С.М.', 1, NULL, 'Математика            Комарова Н.В.', 5),
(109, 21, 2019, 1, 'Казахский язык', 2, NULL, 'Абышева А.Б.', 5),
(110, 21, 2019, 1, 'Менеджмент организации', 3, NULL, 'Холодова С.М.', 5),
(111, 22, 2019, 1, 'Основы философии', 1, NULL, 'Солтанова А.М.', 1),
(112, 22, 2019, 1, 'Бухгалтерский учёт', 2, NULL, 'Кейль В.В.', 1),
(113, 22, 2019, 1, 'ОАиП', 3, NULL, 'Жалпаков Т.Т.', 1),
(114, 22, 2019, 1, 'Физическая культура', 4, NULL, 'Бондарь В.Н.', 1),
(115, 22, 2019, 1, 'Основы высшей математики', 1, NULL, 'Саденова Р.Ж.', 2),
(116, 22, 2019, 1, 'Бухгалтерский учёт', 2, NULL, 'Кейль В.В.', 2),
(117, 22, 2019, 1, 'ИСВКиПД', 3, NULL, 'Шойтынов Д.Р.', 2),
(118, 22, 2019, 1, 'Делопроизводство на казахском языке', 4, NULL, 'Жактай А.М.', 2),
(119, 22, 2019, 1, 'Общая теория статистики', 1, NULL, 'Холодова С.М.', 3),
(120, 22, 2019, 1, 'ОАиП', 2, NULL, 'Жалпаков Т.Т.', 3),
(121, 22, 2019, 1, 'Электротехника и электроника', 3, NULL, 'Тенизова О.В.', 3),
(122, 22, 2019, 1, 'Основы высшей математики', 1, NULL, 'Саденова Р.Ж.', 4),
(123, 22, 2019, 1, 'Электротехника и электроника   Тенизова О.В.', 2, NULL, 'ИСВКиПД    Шойтынов Д.Р.', 4),
(124, 22, 2019, 1, 'Физическая культура', 3, NULL, 'Бондарь В.Н.', 4),
(125, 22, 2019, 1, 'КГиГ', 4, NULL, 'Шойтынов Д.Р.', 4),
(126, 22, 2019, 1, 'Мультимедиа технологии', 1, NULL, 'Шойтынов Д.Р.', 5),
(127, 22, 2019, 1, 'Бухгалтерский учёт', 2, NULL, 'Кейль В.В.', 5),
(128, 22, 2019, 1, 'АИС', 3, NULL, 'Зайнутдинов Э.Ф.', 5),
(129, 23, 2019, 1, 'АИС', 1, NULL, 'Зайнутдинов Э.Ф.', 1),
(130, 23, 2019, 1, 'Электротехника и электроника', 2, NULL, 'Тенизова О.В.', 1),
(131, 23, 2019, 1, 'Физическая культура', 3, NULL, 'Бондарь В.Н./Серёгина Е.А.', 1),
(132, 23, 2019, 1, 'Бухгалтерский учёт', 4, NULL, 'Кейль В.В.', 1),
(133, 23, 2019, 1, 'ОАиП', 1, NULL, 'Жалпаков Т.Т.', 2),
(134, 23, 2019, 1, 'А в ИС', 2, NULL, 'Зайнутдинов Э.Ф.', 2),
(135, 23, 2019, 1, 'Бухгалтерский учёт', 3, NULL, 'Кейль В.В.', 2),
(136, 23, 2019, 1, 'Основы рыночной экономики', 4, NULL, 'Холодова С.М.', 2),
(137, 23, 2019, 1, 'АИС         Зайнутдинов Э.Ф.', 1, NULL, 'ОАиП       Жалпаков Т.Т.', 3),
(138, 23, 2019, 1, 'Основы высшей математики', 2, NULL, 'Саденова Р.Ж.', 3),
(139, 23, 2019, 1, 'Основы философии', 3, NULL, 'Льясова А.А.', 3),
(140, 23, 2019, 1, 'ИРиВС', 4, NULL, 'Рахимбаев М.М.', 3),
(141, 23, 2019, 1, 'Общая теория статистики', 1, NULL, 'Холодова С.М.', 4),
(142, 23, 2019, 1, 'ЗИиИБ        Тетерина С.В.', 2, NULL, 'Ав ИС       Зайнутдинов Э.Ф.', 4),
(143, 23, 2019, 1, 'Основы рыночной экономики  Холодова С.М.', 3, NULL, 'ИРиВС       Рахимбаев М.М.', 4),
(144, 23, 2019, 1, 'Профессиональный казахский язык', 1, NULL, 'Абышева А.Б./Жактай А.М.', 5),
(145, 23, 2019, 1, 'Основы высшей математики', 2, NULL, 'Саденова Р.Ж.', 5),
(146, 23, 2019, 1, 'Физическая культура', 3, NULL, 'Бондарь В.Н./Серёгина Е.А.', 5),
(147, 24, 2019, 1, 'Основы высшей математики', 1, NULL, 'Комарова Н.В.', 1),
(148, 24, 2019, 1, 'Основы философии', 2, NULL, 'Льясова А.А.', 1),
(149, 24, 2019, 1, 'АИС', 3, NULL, 'Зайнутдинов Э.Ф.', 1),
(150, 24, 2019, 1, 'Основы рыночной экономики', 4, NULL, 'Холодова С.М.', 1),
(151, 24, 2019, 1, 'Электротехника и электроника', 1, NULL, 'Тенизова О.В.', 2),
(152, 24, 2019, 1, 'Физическая культура', 2, NULL, 'Бондарь В.Н./Серёгина Е.А.', 2),
(153, 24, 2019, 1, 'Профессиональный казахский язык', 3, NULL, 'Абышева А.Б./Жактай А.М.', 2),
(154, 24, 2019, 1, 'Бухгалтерский учёт', 4, NULL, 'Кейль В.В.', 2),
(155, 24, 2019, 1, '-----', 1, NULL, '', 3),
(156, 24, 2019, 1, '-----', 2, NULL, '', 3),
(157, 24, 2019, 1, 'Основы высшей математики', 3, NULL, 'Комарова Н.В.', 3),
(158, 24, 2019, 1, 'Общая теория статистики', 4, NULL, 'Холодова С.М.', 3),
(159, 24, 2019, 1, 'ИРиВС', 5, NULL, 'Рахимбаев М.М.', 3),
(160, 24, 2019, 1, 'ОАиП', 1, NULL, 'Жалпаков Т.Т.', 4),
(161, 24, 2019, 1, 'Ав ИС        Зайнутдинов Э.Ф.', 2, NULL, 'ЗИиИБ       Садыкова Ж.Е.', 4),
(162, 24, 2019, 1, 'ИРиВС        Рахимбаев М.М.', 3, NULL, 'Основы рыночной экономики   Холодова С.М..', 4),
(163, 24, 2019, 1, 'А в ИС', 1, NULL, 'Зайнутдинов Э.Ф.', 5),
(164, 24, 2019, 1, 'АИС            Зайнутдинов Э.Ф.', 2, NULL, 'ОАиП               Жалпаков Т.Т.', 5),
(165, 24, 2019, 1, 'Бухгалтерский учёт', 3, NULL, 'Кейль В.В.', 5),
(166, 24, 2019, 1, 'Физическая культура', 4, NULL, 'Бондарь В.Н./Серёгина Е.А.', 5),
(167, 1, 2019, 1, '-----', 1, NULL, '', 1),
(168, 1, 2019, 1, 'ОМПиЭП', 2, NULL, 'Тетерина С.В.', 1),
(169, 1, 2019, 1, 'Бухгалтерский учёт', 3, NULL, 'Кейль В.В.', 1),
(170, 1, 2019, 1, 'ПМП', 4, NULL, 'Жалпаков Т.Т.', 1),
(171, 1, 2019, 1, 'Делопроизводство на казахском языке', 5, NULL, 'Жактай А.М.', 1),
(172, 1, 2019, 1, 'Охрана труда', 1, NULL, 'Шойтынов Д.Р.', 2),
(173, 1, 2019, 1, 'ИСВКиПД', 2, NULL, 'Жалпаков Т.Т.', 2),
(174, 1, 2019, 1, 'ПМП', 3, NULL, 'Жалпаков Т.Т.', 2),
(175, 1, 2019, 1, 'ПО АИС', 4, NULL, 'Зайнутдинов Э.Ф.', 2),
(176, 1, 2019, 1, 'Физическая культура', 1, NULL, 'Кривушкин В.П.', 3),
(177, 1, 2019, 1, 'ПО АИС', 2, NULL, 'Зайнутдинов Э.Ф.', 3),
(178, 1, 2019, 1, 'ЗИиИБ', 3, NULL, 'Жалпаков Т.Т.', 3),
(179, 1, 2019, 1, 'Охрана труда', 1, NULL, 'Шойтынов Д.Р.', 4),
(180, 1, 2019, 1, 'Бухгалтерский учёт', 2, NULL, 'Кейль В.В.', 4),
(181, 1, 2019, 1, 'ИСВКиПД', 3, NULL, 'Жалпаков Т.Т.', 4),
(182, 1, 2019, 1, 'ЗИиИБ', 1, NULL, 'Жалпаков Т.Т.', 5),
(183, 1, 2019, 1, 'ОМПиЭП', 2, NULL, 'Тетерина С.В.', 5),
(184, 1, 2019, 1, 'Физическая культура', 3, NULL, 'Кривушкин В.П.', 5),
(185, 1, 2019, 1, 'А в ИС', 4, NULL, 'Зайнутдинов Э.Ф.', 5),
(186, 25, 2019, 1, '-----', 1, NULL, '', 1),
(187, 25, 2019, 1, 'А в ИС', 2, NULL, 'Зайнутдинов Э.Ф.', 1),
(188, 25, 2019, 1, 'Охрана труда', 3, NULL, 'Курмангазина А.Ж.', 1),
(189, 25, 2019, 1, 'Делопроизводство на казахском языке', 4, NULL, 'Жактай А.М.', 1),
(190, 25, 2019, 1, 'Физическая культура', 1, NULL, 'Бондарь В.Н./Кривушкин В.П.', 2),
(191, 25, 2019, 1, 'ОМПиЭП', 2, NULL, 'Тетерина С.В.', 2),
(192, 25, 2019, 1, 'ПО АИС', 3, NULL, 'Зайнутдинов Э.Ф.', 2),
(193, 25, 2019, 1, 'ПМП', 4, NULL, 'Садыкова Ж.Е.', 2),
(194, 25, 2019, 1, 'Бухгалтерский учёт', 1, NULL, 'Кейль В.В.', 3),
(195, 25, 2019, 1, 'ОМПиЭП', 2, NULL, 'Тетерина С.В.', 3),
(196, 25, 2019, 1, 'ПО АИС', 3, NULL, 'Зайнутдинов Э.Ф.', 3),
(197, 25, 2019, 1, 'ИСВКиПД', 4, NULL, 'Шойтынов Д.Р.', 3),
(198, 25, 2019, 1, 'Физическая культура', 1, NULL, 'Бондарь В.Н./Кривушкин В.П.', 4),
(199, 25, 2019, 1, 'ЗИиИБ', 2, NULL, 'Жалпаков Т.Т.', 4),
(200, 25, 2019, 1, 'ИСВКиПД', 3, NULL, 'Шойтынов Д.Р.', 4),
(201, 25, 2019, 1, 'ПМП', 4, NULL, 'Садыкова Ж.Е.', 4),
(202, 25, 2019, 1, '-----', 1, NULL, '', 5),
(203, 25, 2019, 1, 'Охрана труда', 2, NULL, 'Курмангазина А.Ж.', 5),
(204, 25, 2019, 1, 'ЗИиИБ', 3, NULL, 'Жалпаков Т.Т.', 5),
(205, 25, 2019, 1, 'Бухгалтерский учёт', 4, NULL, 'Кейль В.В.', 5),
(206, 2, 2019, 1, 'Орыс  тілі', 1, NULL, 'Зарипова Д.Н./Сагатова А.К.', 1),
(207, 2, 2019, 1, 'География', 2, NULL, 'Солтанова А.М.', 1),
(208, 2, 2019, 1, 'Математика   Саденова Р.Ж.', 3, NULL, 'Физика және астрономия                             Жагапарова Г.С.', 1),
(209, 2, 2019, 1, 'Шет тілі', 4, NULL, 'Кажикенова Г.М./Мустафин Е.Е.', 1),
(210, 2, 2019, 1, 'Қазақ әдебиеті', 1, NULL, 'Жактай А.М.', 2),
(211, 2, 2019, 1, 'Қазақстан тарихы', 2, NULL, 'Кизатова Г.С.', 2),
(212, 2, 2019, 1, 'Физика және астрономия', 3, NULL, 'Жагапарова Г.С.', 2),
(213, 2, 2019, 1, 'Қоғамтану', 4, NULL, 'Кизатова Г.С.', 2),
(214, 2, 2019, 1, 'Дене тәрбиесі', 1, NULL, 'Алданов Р.А./Косбармаков А.Д.', 3),
(215, 2, 2019, 1, 'Химия', 2, NULL, 'Каримова Т.Т.', 3),
(216, 2, 2019, 1, 'Шет тілі', 3, NULL, 'Кажикенова Г.М./Мустафин Е.Е.', 3),
(217, 2, 2019, 1, 'Информатика', 1, NULL, 'Канагатова М.С./Курмангазина А.Ж.', 4),
(218, 2, 2019, 1, 'Қазақ тілі', 2, NULL, 'Жактай А.М.', 4),
(219, 2, 2019, 1, 'АӘД', 3, NULL, 'Кабдыгалиев Е.К.', 4),
(220, 2, 2019, 1, 'Дене тәрбиесі', 4, NULL, 'Алданов Р.А./Косбармаков А.Д.', 4),
(221, 2, 2019, 1, 'Математика', 1, NULL, 'Саденова Р.Ж.', 5),
(222, 2, 2019, 1, 'Орыс әдебиеті', 2, NULL, 'Ахмедьянова А.М.', 5),
(223, 2, 2019, 1, 'Дүние жүзілік тарихы', 3, NULL, 'Кизатова Г.С.', 5),
(224, 3, 2019, 1, 'Информатика', 1, NULL, 'Джакина А.А./Курмангазина А.Ж.', 1),
(225, 3, 2019, 1, 'Казахский язык', 2, NULL, 'Абышева А.Б./Жактай А.М.', 1),
(226, 3, 2019, 1, 'Физика және астрономия Жагапарова Г.С.', 3, NULL, 'Математика   Саденова Р.Ж.', 1),
(227, 3, 2019, 1, 'Русская литература', 1, NULL, 'Зарипова Д.Н.', 2),
(228, 3, 2019, 1, 'Химия', 2, NULL, 'Каримова Т.Т.', 2),
(229, 3, 2019, 1, 'Физическая культура', 3, NULL, 'Кривушкин В.П./Серёгина Е.А.', 2),
(230, 3, 2019, 1, 'Иностранный язык', 4, NULL, 'Шнайдер С.А./Кажикенова Г.М.', 2),
(231, 3, 2019, 1, 'География', 1, NULL, 'Солтанова А.М.', 3),
(232, 3, 2019, 1, 'Обществознание', 2, NULL, 'Льясова А.А.', 3),
(233, 3, 2019, 1, 'Русский язык', 3, NULL, 'Зарипова Д.Н.', 3),
(234, 3, 2019, 1, 'Всемирная история', 4, NULL, 'Кизатова Г.С.', 3),
(235, 3, 2019, 1, 'Казахская литература', 1, NULL, 'Абышева А.Б.', 4),
(236, 3, 2019, 1, 'Иностранный язык', 2, NULL, 'Шнайдер С.А./Куршакова М.В.', 4),
(237, 3, 2019, 1, 'Физика и астрономия', 3, NULL, 'Жагапарова Г.С.', 4),
(238, 3, 2019, 1, 'Физическая культура', 4, NULL, 'Кривушкин В.П./Серёгина Е.А.', 4),
(239, 3, 2019, 1, 'История Казахстана', 1, NULL, 'Кизатова Г.С.', 5),
(240, 3, 2019, 1, 'НВП', 2, NULL, 'Кабдыгалиев Е.К.', 5),
(241, 3, 2019, 1, 'Математика', 3, NULL, 'Саденова Р.Ж.', 5),
(242, 4, 2019, 1, 'Орыс тілі', 1, NULL, 'Ахмедьянова А.М.', 1),
(243, 4, 2019, 1, 'Физика және астрономия', 2, NULL, 'Жагапарова Г.С.', 1),
(244, 4, 2019, 1, 'Электржетегінің негіздері', 3, NULL, 'Канагатова М.С.', 1),
(245, 4, 2019, 1, 'Математика', 4, NULL, 'Саденова Р.Ж.', 1),
(246, 4, 2019, 1, 'Кәсіби  шетел тілі', 1, NULL, 'Шнайдер С.А.', 2),
(247, 4, 2019, 1, 'Электротехниканың теориялық негіздері', 2, NULL, 'Канагатова М.С.', 2),
(248, 4, 2019, 1, 'Саясаттану және әлеуметтану негіздері', 3, NULL, 'Солтанова А.М.', 2),
(249, 4, 2019, 1, 'Электротехниканың теориялық негіздері', 1, NULL, 'Канагатова М.С.', 3),
(250, 4, 2019, 1, 'Өнеркәсіптік электроника негіздері', 2, NULL, 'Канагатова М.С.', 3),
(251, 4, 2019, 1, 'Математика', 3, NULL, 'Саденова Р.Ж.', 3),
(252, 4, 2019, 1, 'Дене тәрбиесі', 4, NULL, 'Косбармаков А.Д.', 3),
(253, 4, 2019, 1, '-----', 1, NULL, '', 4),
(254, 4, 2019, 1, 'Қазақ әдебиеті', 2, NULL, 'Абышева А.Б.', 4),
(255, 4, 2019, 1, 'Дене тәрбиесі', 3, NULL, 'Косбармаков А.Д.', 4),
(256, 4, 2019, 1, 'Мәдениеттану                                                                    Солтанова А.М.', 4, NULL, 'Өнеркәсіптік электроника негіздері   Канагатова М.С.', 4),
(257, 4, 2019, 1, 'Экономика негіздері', 5, NULL, 'Жуматаева Р.К.', 4),
(258, 4, 2019, 1, 'Электрлік өлшемдер', 1, NULL, 'Самаров Е.А.', 5),
(259, 4, 2019, 1, 'Физика және астрономия', 2, NULL, 'Жагапарова Г.С.', 5),
(260, 4, 2019, 1, 'Техникалық механика негіздері', 3, NULL, 'Самаров Е.А.', 5),
(261, 5, 2019, 1, 'Профессиональный иностранный язык', 1, NULL, 'Шнайдер С.А.', 1),
(262, 5, 2019, 1, 'Физическая культура', 2, NULL, 'Серёгина Е.А.', 1),
(263, 5, 2019, 1, 'Теоретические основы электротехники', 3, NULL, 'Тенизова О.В.', 1),
(264, 5, 2019, 1, 'Математика', 4, NULL, 'Комарова Н.В.', 1),
(265, 5, 2019, 1, 'Электрические измерения', 1, NULL, 'Пономаренко У.С.', 2),
(266, 5, 2019, 1, 'Русская литература', 2, NULL, 'Зарипова Д.Н.', 2),
(267, 5, 2019, 1, 'Основы электропривода', 3, NULL, 'Алеушинов Т.Т.', 2),
(268, 5, 2019, 1, 'Основы технической механики', 4, NULL, 'Алеушинов Т.Т.', 2),
(269, 5, 2019, 1, 'Основы промышленной электроники', 1, NULL, 'Тенизова О.В.', 3),
(270, 5, 2019, 1, 'Физика и астрономия', 2, NULL, 'Жагапарова Г.С.', 3),
(271, 5, 2019, 1, 'Основы экономики', 3, NULL, 'Жумалиева Е.С.', 3),
(272, 5, 2019, 1, 'Теоретические основы электротехники', 1, NULL, 'Тенизова О.В.', 4),
(273, 5, 2019, 1, 'Культурология                                                                     Льясова А.А.', 2, NULL, 'Основы промышленной электроники   Тенизова О.В.', 4),
(274, 5, 2019, 1, 'Физическая культура', 3, NULL, 'Серёгина Е.А.', 4),
(275, 5, 2019, 1, 'Математика', 4, NULL, 'Комарова Н.В.', 4),
(276, 5, 2019, 1, '-----', 1, NULL, '', 5),
(277, 5, 2019, 1, 'Основы политологии и социологии', 2, NULL, 'Льясова А.А.', 5),
(278, 5, 2019, 1, 'Казахский язык', 3, NULL, 'Абышева А.Б.', 5),
(279, 5, 2019, 1, 'Физика и астрономия', 4, NULL, 'Жагапарова Г.С.', 5),
(280, 6, 2019, 1, 'Основы рыночной экономики', 1, NULL, 'Жумалиева Е.С.', 1),
(281, 6, 2019, 1, 'ТО и РЭ', 2, NULL, 'Пономаренко У.С.', 1),
(282, 6, 2019, 1, 'Основы рыночной экономики', 3, NULL, 'Жумалиева Е.С.', 1),
(283, 6, 2019, 1, 'ДООО \"ЭоПиГЗ\"', 4, NULL, 'Пономаренко У.С.', 1),
(284, 6, 2019, 1, '-----', 1, NULL, '', 2),
(285, 6, 2019, 1, '-----', 2, NULL, '', 2),
(286, 6, 2019, 1, 'Электротехника', 3, NULL, 'Тенизова О.В.', 2),
(287, 6, 2019, 1, 'ДООО\"Эо и ЭсПиГЗ\"     Пономаренко У.С.', 4, NULL, 'ТОиРЭ          Пономаренко У.С.', 2),
(288, 6, 2019, 1, 'Основы рыночной экономики', 5, NULL, 'Жумалиева Е.С.', 2),
(289, 6, 2019, 1, '-----', 1, NULL, '', 3),
(290, 6, 2019, 1, 'Электротехника                                                                     Тенизова О.В.', 2, NULL, 'Основы рыночной экономики   Жумалиева Е.С.', 3),
(291, 6, 2019, 1, 'ДООО \"Эо и ЭсПиГЗ\"', 3, NULL, 'Пономаренко У.С.', 3),
(292, 6, 2019, 1, 'ТО и РЭ', 4, NULL, 'Пономаренко У.С.', 3),
(293, 6, 2019, 1, 'Основы рыночной экономики', 5, NULL, 'Жумалиева Е.С.', 3),
(294, 6, 2019, 1, '-----', 1, NULL, '', 4),
(295, 6, 2019, 1, 'ТО и РЭ', 2, NULL, 'Пономаренко У.С.', 4),
(296, 6, 2019, 1, 'ДООО \"Эо и ЭсПиГЗ\"', 3, NULL, 'Пономаренко У.С.', 4),
(297, 6, 2019, 1, 'Электротехника', 4, NULL, 'Тенизова О.В.', 4),
(298, 6, 2019, 1, 'Физическая культура', 5, NULL, 'Кривушкин В.П.', 4),
(299, 6, 2019, 1, 'Физическая культура', 1, NULL, 'Кривушкин В.П.', 5),
(300, 6, 2019, 1, 'ДООО \"Эо и ЭсПиГЗ\"', 2, NULL, 'Пономаренко У.С.', 5),
(301, 6, 2019, 1, 'ТО и РЭ', 3, NULL, 'Пономаренко У.С.', 5),
(302, 7, 2019, 1, '-----', 1, NULL, '', 1),
(303, 7, 2019, 1, 'Электржабдығын пайдалану және жөндеу', 2, NULL, 'Канагатова М.С.', 1),
(304, 7, 2019, 1, 'Электрлік машиналар мен трансформаторлар', 3, NULL, 'Самаров Е.А.', 1),
(305, 7, 2019, 1, 'Компьютерлік технология негіздері', 4, NULL, 'Канагатова М.С.', 1),
(306, 7, 2019, 1, 'Философия негіздері', 5, NULL, 'Солтанова А.М.', 1),
(307, 7, 2019, 1, 'Электржабдығын пайдалану және жөндеу', 1, NULL, 'Канагатова М.С.', 2),
(308, 7, 2019, 1, 'Кәсіби орыс тілі', 2, NULL, 'Ахмедьянова А.М.', 2),
(309, 7, 2019, 1, 'КмАҒЭҚ', 3, NULL, 'Самаров Е.А.', 2),
(310, 7, 2019, 1, 'КмАҒЭЖ', 4, NULL, 'Ашимова А.К.', 2),
(311, 7, 2019, 1, '-----', 1, NULL, '', 3),
(312, 7, 2019, 1, '-----', 2, NULL, '', 3),
(313, 7, 2019, 1, 'Электржетегін автоматты басқару', 3, NULL, 'Самаров Е.А.', 3),
(314, 7, 2019, 1, 'КмАҒЭҚ  Самаров Е.А.', 4, NULL, 'КмАҒЭЖ   Ашимова А.К.', 3),
(315, 7, 2019, 1, 'Философия негіздері', 5, NULL, 'Солтанова А.М.', 3),
(316, 7, 2019, 1, 'Дене тәрбиесі', 1, NULL, 'Алданов Р.А.', 4),
(317, 7, 2019, 1, 'Электржетегін автоматты басқару', 2, NULL, 'Самаров Е.А.', 4),
(318, 7, 2019, 1, 'Электржабдығын пайдалану және жөндеу', 3, NULL, 'Канагатова М.С.', 4),
(319, 7, 2019, 1, 'КмАҒЭЖ', 4, NULL, 'Ашимова А.К.', 4),
(320, 7, 2019, 1, 'Дене тәрбиесі', 1, NULL, 'Алданов Р.А.', 5),
(321, 7, 2019, 1, 'Электрлік машиналар мен трансформаторлар', 2, NULL, 'Самаров Е.А.', 5),
(322, 7, 2019, 1, 'Кәсіби орыс тілі', 3, NULL, 'Ахмедьянова А.М.', 5),
(323, 8, 2019, 1, 'Физическая культура', 1, NULL, 'Бондарь В.Н.', 1),
(324, 8, 2019, 1, 'Автоматическое управление электроприводом', 2, NULL, 'Алеушинов Т.Т.', 1),
(325, 8, 2019, 1, 'Эксплуатация и ремонт электрооборудования', 3, NULL, 'Пономаренко У.С.', 1),
(326, 8, 2019, 1, 'Электрические машины и трансформаторы', 4, NULL, 'Тенизова О.В.', 1),
(327, 8, 2019, 1, 'АУЭ        Алеушинов Т.Т.', 1, NULL, 'Професиональный казахский язык                    Омарова К.А.', 2),
(328, 8, 2019, 1, 'ЭоПиГЗ', 2, NULL, 'Алеушинов Т.Т.', 2),
(329, 8, 2019, 1, 'ДООО \"Электрическое оснащение\"', 3, NULL, 'Пономаренко У.С.', 2),
(330, 8, 2019, 1, 'ЭоПиГЗ', 1, NULL, 'Алеушинов Т.Т.', 3),
(331, 8, 2019, 1, 'ЭсПиГЗ   Пономаренко У.С.', 2, NULL, 'Электрические машины и трансформаторы                                          Тенизова О.В.', 3),
(332, 8, 2019, 1, 'Физическая культура', 3, NULL, 'Бондарь В.Н.', 3),
(333, 8, 2019, 1, 'Основы философии', 4, NULL, 'Солтанова А.М.', 3),
(334, 8, 2019, 1, 'Эксплуатация и ремонт электрооборудования', 1, NULL, 'Пономаренко У.С.', 4),
(335, 8, 2019, 1, 'Основы компьютерных технологий', 2, NULL, 'Канагатова М.С.', 4),
(336, 8, 2019, 1, 'ЭоПиГЗ', 3, NULL, 'Алеушинов Т.Т.', 4),
(337, 8, 2019, 1, 'Наладка электрооборудования', 4, NULL, 'Алеушинов Т.Т.', 4),
(338, 8, 2019, 1, '-----', 1, NULL, '', 5),
(339, 8, 2019, 1, 'Электрические машины и трансформаторы', 2, NULL, 'Тенизова О.В.', 5),
(340, 8, 2019, 1, 'Охрана труда', 3, NULL, 'Тенизова О.В.', 5),
(341, 8, 2019, 1, 'ЭсПиГЗ', 4, NULL, 'Пономаренко У.С.', 5),
(342, 9, 2019, 1, '-----', 1, NULL, '', 1),
(343, 9, 2019, 1, '-----', 2, NULL, '', 1),
(344, 9, 2019, 1, '-----', 3, NULL, '', 1),
(345, 9, 2019, 1, 'Дене тәрбиесі', 4, NULL, 'Алданов Р.А./Серёгина Е.А.', 1),
(346, 9, 2019, 1, 'Электржабдығын пайдалану және жөндеу', 5, NULL, 'Ашимова А.К.', 1),
(347, 9, 2019, 1, 'КмАҒЭҚ', 6, NULL, 'Ашимова А.К.', 1),
(348, 9, 2019, 1, 'Электржабдығын баптау', 7, NULL, 'Ашимова А.К.', 1),
(349, 9, 2019, 1, '-----', 1, NULL, '', 2),
(350, 9, 2019, 1, '-----', 2, NULL, '', 2),
(351, 9, 2019, 1, '-----', 3, NULL, '', 2),
(352, 9, 2019, 1, 'Сала экономикасы', 4, NULL, 'Жуматаева Р.К.', 2),
(353, 9, 2019, 1, 'Электржабдығын баптау', 5, NULL, 'Ашимова А.К.', 2),
(354, 9, 2019, 1, 'КмАҒЭҚ', 6, NULL, 'Ашимова А.К.', 2),
(355, 9, 2019, 1, '-----', 1, NULL, '', 3),
(356, 9, 2019, 1, '-----', 2, NULL, '', 3),
(357, 9, 2019, 1, '-----', 3, NULL, '', 3),
(358, 9, 2019, 1, 'Дене тәрбиесі', 4, NULL, 'Алданов Р.А./Серёгина Е.А.', 3),
(359, 9, 2019, 1, 'Сала экономикасы  Жуматаева Р.К.', 5, NULL, 'Электржабдығын пайдалану және жөндеу   Ашимова А.К.', 3),
(360, 9, 2019, 1, 'КмАҒЭҚ', 6, NULL, 'Ашимова А.К.', 3),
(361, 9, 2019, 1, 'Электржабдығын баптау', 7, NULL, 'Ашимова А.К.', 3),
(362, 9, 2019, 1, '-----', 1, NULL, '', 4),
(363, 9, 2019, 1, '-----', 2, NULL, '', 4),
(364, 9, 2019, 1, '-----', 3, NULL, '', 4),
(365, 9, 2019, 1, 'Сала экономикасы', 4, NULL, 'Жуматаева Р.К.', 4),
(366, 9, 2019, 1, 'Электржабдығын пайдалану және жөндеу', 5, NULL, 'Ашимова А.К.', 4),
(367, 9, 2019, 1, 'КмАҒЭҚ', 6, NULL, 'Ашимова А.К.', 4),
(368, 9, 2019, 1, 'Электржабдығын баптау', 7, NULL, 'Ашимова А.К.', 4),
(369, 9, 2019, 1, '-----', 1, NULL, '', 5),
(370, 9, 2019, 1, '-----', 2, NULL, '', 5),
(371, 9, 2019, 1, '-----', 3, NULL, '', 5),
(372, 9, 2019, 1, 'Сала экономикасы', 4, NULL, 'Жуматаева Р.К.', 5),
(373, 9, 2019, 1, 'КмАҒЭҚ', 5, NULL, 'Ашимова А.К.', 5),
(374, 9, 2019, 1, 'Электржабдығын пайдалану және жөндеу', 6, NULL, 'Ашимова А.К.', 5),
(375, 10, 2019, 1, 'ЭсПиГЗ', 1, NULL, 'Тенизова О.В.', 1),
(376, 10, 2019, 1, 'Экономика отрасли', 2, NULL, 'Жумалиева Е.С.', 1),
(377, 10, 2019, 1, 'Наладка электрооборудования', 3, NULL, 'Алеушинов Т.Т.', 1),
(378, 10, 2019, 1, '-----', 1, NULL, '', 2),
(379, 10, 2019, 1, 'Физическая  культура', 2, NULL, 'Алданов Р.А.', 2),
(380, 10, 2019, 1, 'Экономика отрасли', 3, NULL, 'Жумалиева Е.С.', 2),
(381, 10, 2019, 1, 'ЭсПиГЗ', 4, NULL, 'Тенизова О.В.', 2),
(382, 10, 2019, 1, 'ЭиРЭ', 5, NULL, 'Алеушинов Т.Т.', 2),
(383, 10, 2019, 1, 'Экономика отрасли', 1, NULL, 'Жумалиева Е.С.', 3),
(384, 10, 2019, 1, 'Экономика отрасли                                                                    Жумалиева Е.С.', 2, NULL, 'ЭиРЭ   Алеушинов Т.Т..', 3),
(385, 10, 2019, 1, 'Наладка электрооборудования', 3, NULL, 'Алеушинов Т.Т.', 3),
(386, 10, 2019, 1, 'ЭсПиГЗ', 4, NULL, 'Тенизова О.В.', 3),
(387, 10, 2019, 1, 'ЭиРЭ', 1, NULL, 'Алеушинов Т.Т.', 4),
(388, 10, 2019, 1, 'Наладка электрооборудования', 2, NULL, 'Алеушинов Т.Т.', 4),
(389, 10, 2019, 1, 'ЭсПиГЗ', 3, NULL, 'Тенизова О.В.', 4),
(390, 10, 2019, 1, '-----', 1, NULL, '', 5),
(391, 10, 2019, 1, 'ЭиРЭ', 2, NULL, 'Алеушинов Т.Т.', 5),
(392, 10, 2019, 1, 'Наладка электрооборудования', 3, NULL, 'Алеушинов Т.Т.', 5),
(393, 10, 2019, 1, 'ЭсПиГЗ', 4, NULL, 'Тенизова О.В.', 5),
(394, 10, 2019, 1, 'Физическая  культура', 5, NULL, 'Алданов Р.А.', 5),
(395, 11, 2019, 1, 'Дене тәрбиесі', 1, NULL, 'Алданов Р.А./Косбармаков А.Д.', 1),
(396, 11, 2019, 1, 'Орыс  тілі', 2, NULL, 'Зарипова Д.Н./Сагатова А.К.', 1),
(397, 11, 2019, 1, 'Дүние жүзілік тарихы', 3, NULL, 'Кизатова Г.С.', 1),
(398, 11, 2019, 1, 'Орыс әдебиеті', 4, NULL, 'Сагатова А.К.', 1),
(399, 11, 2019, 1, 'География', 1, NULL, 'Солтанова А.М.', 2),
(400, 11, 2019, 1, 'Физика', 2, NULL, 'Жагапарова Г.С.', 2),
(401, 11, 2019, 1, 'АӘД', 3, NULL, 'Кабдыгалиев Е.К.', 2),
(402, 11, 2019, 1, 'Математика', 4, NULL, 'Саденова Р.Ж.', 2),
(403, 11, 2019, 1, 'Математика', 1, NULL, 'Саденова Р.Ж.', 3),
(404, 11, 2019, 1, 'Шет тілі', 2, NULL, 'Шнайдер С.А./Мустафин Е.Е.', 3),
(405, 11, 2019, 1, 'Информатика', 3, NULL, 'Канагатова М.С./Садыкова Ж.Е.', 3),
(406, 11, 2019, 1, 'Орыс әдебиеті               Сагатова А.К.', 1, NULL, 'Қазақ тілі              Жактай А.М..', 4),
(407, 11, 2019, 1, 'Физика', 2, NULL, 'Жагапарова Г.С.', 4),
(408, 11, 2019, 1, 'Қазақ әдебиеті', 3, NULL, 'Абышева А.Б.', 4),
(409, 11, 2019, 1, 'Химия', 1, NULL, 'Каримова Т.Т.', 5),
(410, 11, 2019, 1, 'Инностранный язык', 2, NULL, 'Шнайдер С.А./Мустафин Е.Е.', 5),
(411, 11, 2019, 1, 'Қазақ тілі', 3, NULL, 'Жактай А.М.', 5),
(412, 11, 2019, 1, 'Дене тәрбиесі', 4, NULL, 'Алданов Р.А./Косбармаков А.Д.', 5),
(413, 12, 2019, 1, 'Математика', 1, NULL, 'Саденов К.А.', 1),
(414, 12, 2019, 1, 'Химия', 2, NULL, 'Каримова Т.Т.', 1),
(415, 12, 2019, 1, 'Орыс  тілі', 3, NULL, 'Зарипова Д.Н./Сагатова А.К.', 1),
(416, 12, 2019, 1, 'Физика          Хасенова А.Х.', 4, NULL, 'Қазақ әдебиеті               Абышева А.Б.', 1),
(417, 12, 2019, 1, 'Қазақ тілі', 1, NULL, 'Абышева А.Б.', 2),
(418, 12, 2019, 1, 'Мәдениеттану', 2, NULL, 'Солтанова А.М.', 2),
(419, 12, 2019, 1, 'Информатика', 3, NULL, 'Канагатова М.С./Садыкова Ж.Е.', 2),
(420, 12, 2019, 1, 'Қазақ әдебиеті', 1, NULL, 'Абышева А.Б.', 3),
(421, 12, 2019, 1, 'Физика', 2, NULL, 'Хасенова А.Х.', 3),
(422, 12, 2019, 1, 'Құқық негіздері', 3, NULL, 'Солтанова А.М.', 3),
(423, 12, 2019, 1, 'Орыс әдебиеті', 4, NULL, 'Сагатова А.К.', 3),
(424, 12, 2019, 1, 'Шет тілі Кажикенова Г.М./Шнайдер С.А.', 1, NULL, 'Орыс тілі                                        Сагатова А.К./Зарипова Д.Н.', 4),
(425, 12, 2019, 1, 'Дене тәрбиесі', 2, NULL, 'Алданов Р.А./Косбармаков А.Д.', 4),
(426, 12, 2019, 1, 'Экономика негіздері', 3, NULL, 'Жуматаева Р.К.', 4),
(427, 12, 2019, 1, 'АӘД', 4, NULL, 'Кабдыгалиев Е.К.', 4),
(428, 12, 2019, 1, 'Шет тілі', 1, NULL, 'Кажикенова Г.М./Шнайдер С.А.', 5),
(429, 12, 2019, 1, 'Математика', 2, NULL, 'Саденов К.А.', 5),
(430, 12, 2019, 1, 'Дене тәрбиесі', 3, NULL, 'Алданов Р.А./Косбармаков А.Д.', 5),
(431, 13, 2019, 1, 'Жоғары математика негіздері', 1, NULL, 'Саденова Р.Ж.', 1),
(432, 13, 2019, 1, 'Экономика негіздері', 2, NULL, 'Саденова Р.Ж.', 1),
(433, 13, 2019, 1, 'Дене тәрбиесі', 3, NULL, 'Алданов Р.А./Косбармаков А.Д.', 1),
(434, 13, 2019, 1, 'Қазақстан тарихы          Кизатова Г.С.', 4, NULL, 'Менеджмент және маркетинг негіздері                    Жуматаева Р.К.', 1),
(435, 13, 2019, 1, 'Қазақстан тарихы', 1, NULL, 'Кизатова Г.С.', 2),
(436, 13, 2019, 1, 'ОЖжЖЕ', 2, NULL, 'Садыкова Ж.Е.', 2),
(437, 13, 2019, 1, 'Жоғары математика негіздері', 3, NULL, 'Саденова Р.Ж.', 2),
(438, 13, 2019, 1, 'Кәсіптік шет тілі', 1, NULL, 'Кажикенова Г.М./Мустафин Е.Е.', 3),
(439, 13, 2019, 1, 'Дене тәрбиесі', 2, NULL, 'Алданов Р.А./Косбармаков А.Д.', 3),
(440, 13, 2019, 1, 'АжБН', 3, NULL, 'Жакупова А.С.', 3),
(441, 13, 2019, 1, 'Кәсіби орыс тілі', 4, NULL, 'Ахмедьянова А.М./Зарипова Д.Н.', 3),
(442, 13, 2019, 1, '-----', 1, NULL, '', 4),
(443, 13, 2019, 1, 'Мәдениеттану', 2, NULL, 'Кизатова Г.С.', 4),
(444, 13, 2019, 1, 'ОЖжЖЕ', 3, NULL, 'Садыкова Ж.Е.', 4),
(445, 13, 2019, 1, 'Нарықтық экономика негіздері', 4, NULL, 'Саденова Р.Ж.', 4),
(446, 13, 2019, 1, 'АжБН', 5, NULL, 'Жакупова А.С.', 4),
(447, 13, 2019, 1, 'Менеджмент және маркетинг негіздері', 1, NULL, 'Жуматаева Р.К.', 5),
(448, 13, 2019, 1, 'Саясаттану және әлеуметтану негіздері', 2, NULL, 'Кизатова Г.С.', 5),
(449, 13, 2019, 1, 'Weв-бағдарламалау', 3, NULL, 'Шойтынов Д.Р.', 5),
(450, 14, 2019, 1, 'Қазақ әдебиеті', 1, NULL, 'Жактай А.М.', 1),
(451, 14, 2019, 1, 'ОЖжЖБЕ', 2, NULL, 'Кабасова А.Ж.', 1),
(452, 14, 2019, 1, 'Кәсіптік шет тілі', 3, NULL, 'Мустафин Е.Е.', 1),
(453, 14, 2019, 1, 'Дене тәрбиесі', 4, NULL, 'Косбармаков А.Д.', 1),
(454, 14, 2019, 1, '-----', 1, NULL, '', 2),
(455, 14, 2019, 1, 'Web бағдарламалау   Шойтынов Д.Р.', 2, NULL, 'КГжГ                              Шойтынов Д.Р.', 2),
(456, 14, 2019, 1, 'АжБН', 3, NULL, 'Жакупова А.С.', 2),
(457, 14, 2019, 1, 'Саясаттану және әлеуметтану негіздері', 4, NULL, 'Солтанова А.М.', 2),
(458, 14, 2019, 1, 'Жоғары математика негіздері   Саденова Р.Ж.', 5, NULL, '', 2),
(459, 14, 2019, 1, '-----', 1, NULL, 'АжБН                      Жакупова А.С.', 3),
(460, 14, 2019, 1, 'Web бағдарламалау', 2, NULL, 'Шойтынов Д.Р.', 3),
(461, 14, 2019, 1, 'Орыс  тілі', 3, NULL, 'Ахмедьянова А.М.', 3),
(462, 14, 2019, 1, 'Менеджмент және маркетинг негіздері', 4, NULL, 'Саденова Р.Ж.', 3),
(463, 14, 2019, 1, 'Дене тәрбиесі', 1, NULL, 'Косбармаков А.Д.', 4),
(464, 14, 2019, 1, 'Математика', 2, NULL, 'Саденова Р.Ж.', 4),
(465, 14, 2019, 1, 'Қазақстан тарихы', 3, NULL, 'Кизатова Г.С.', 4),
(466, 14, 2019, 1, 'Кәсіби орыс тілі', 4, NULL, 'Ахмедьянова А.М.', 4),
(467, 14, 2019, 1, '-----', 1, NULL, '', 5),
(468, 14, 2019, 1, 'Мемлекеттік тілде іс қағаздарын жүргізу', 2, NULL, 'Жактай  А.М.', 5),
(469, 14, 2019, 1, 'Физика', 3, NULL, 'Жагапарова Г.С.', 5),
(470, 14, 2019, 1, 'Жоғары математика негіздері', 4, NULL, 'Саденова Р.Ж.', 5),
(471, 15, 2019, 1, 'Бухгалтерлік есеп', 1, NULL, 'Шаймарданова А.К.', 1),
(472, 15, 2019, 1, 'Нарықтық экономика негіздері', 2, NULL, 'Жуматаева Р.К.', 1),
(473, 15, 2019, 1, 'АЖБ', 3, NULL, 'Сырнай Ж.С.', 1),
(474, 15, 2019, 1, 'АжБН', 4, NULL, 'Жакупова А.С.', 1),
(475, 15, 2019, 1, '-----', 1, NULL, '', 2),
(476, 15, 2019, 1, 'Статистиканың жалпы теориясы', 2, NULL, 'Жуматаева Р.К.', 2),
(477, 15, 2019, 1, 'ААЖ', 3, NULL, 'Сырнай Ж.С.', 2),
(478, 15, 2019, 1, 'Кәсіби орыс тілі', 4, NULL, 'Ахмедьянова А.М./Зарипова Д.Н.', 2),
(479, 15, 2019, 1, 'Бухгалтерлік есеп', 5, NULL, 'Шаймарданова А.К.', 2),
(480, 15, 2019, 1, '-----', 1, NULL, '', 3),
(481, 15, 2019, 1, 'Жоғары математика негіздері', 2, NULL, 'Саденов К.А.', 3),
(482, 15, 2019, 1, 'АЖБ   Сырнай Ж.С.', 3, NULL, 'АҚ жАҚ                 Кабасова А.Ж.', 3),
(483, 15, 2019, 1, 'АжБН                         Жакупова А.С.', 4, NULL, 'ААЖ                              Сырнай Ж.С.', 3),
(484, 15, 2019, 1, 'Дене тәрбиесі', 5, NULL, 'Алданов Р.А./Косбармаков А.Д.', 3),
(485, 15, 2019, 1, 'АРжЕЖ', 1, NULL, 'Жакупова А.С.', 4),
(486, 15, 2019, 1, 'Жоғары математика негіздері', 2, NULL, 'Саденов К.А.', 4),
(487, 15, 2019, 1, 'Философия негіздері', 3, NULL, 'Солтанова А.М.', 4),
(488, 15, 2019, 1, 'Электротехника және электроника', 1, NULL, 'Канагатова М.С.', 5),
(489, 15, 2019, 1, 'Дене тәрбиесі', 2, NULL, 'Алданов Р.А./Косбармаков А.Д.', 5),
(490, 15, 2019, 1, 'АРжЕЖ                           Жакупова А.С.', 3, NULL, 'Нарықтық экономика негіздері                              Жуматаева Р.К.', 5),
(491, 26, 2019, 1, 'АжБН', 1, NULL, 'Жакупова А.С.', 1),
(492, 26, 2019, 1, 'ААЖ', 2, NULL, 'Сырнай Ж.С.', 1),
(493, 26, 2019, 1, 'Статистиканың жалпы теориясы', 3, NULL, 'Жуматаева Р.К.', 1),
(494, 26, 2019, 1, 'Дене тәрбиесі', 1, NULL, 'Косбармаков А.Д.', 2),
(495, 26, 2019, 1, 'Жоғары математика негіздері', 2, NULL, 'Саденов К.А.', 2),
(496, 26, 2019, 1, 'Бухгалтерлік есеп', 3, NULL, 'Жуматаева Р.К.', 2),
(497, 26, 2019, 1, 'ВКжҚДИҚ', 4, NULL, 'Сырнай Ж.С.', 2),
(498, 26, 2019, 1, 'Мемлекеттік тілде іс қағаздарын жүргізу', 1, NULL, 'Жактай А.М.', 3),
(499, 26, 2019, 1, 'Мультимедиялық технология', 2, NULL, 'Кабасова А.Ж.', 3),
(500, 26, 2019, 1, 'Бухгалтерлік есеп', 3, NULL, 'Жуматаева Р.К.', 3),
(501, 26, 2019, 1, 'Жоғары математика негіздері', 4, NULL, 'Саденов К.А.', 3),
(502, 26, 2019, 1, '-----', 1, NULL, '', 4),
(503, 26, 2019, 1, 'Философия негіздері', 2, NULL, 'Солтанова А.М.', 4),
(504, 26, 2019, 1, 'КГжГ', 3, NULL, 'Джакина А.А.', 4),
(505, 26, 2019, 1, 'Электротехника және электроника          Канагатова М.С.', 4, NULL, 'ВКжҚДИҚ                   Сырнай Ж.С.', 4),
(506, 26, 2019, 1, 'Дене тәрбиесі', 1, NULL, 'Косбармаков А.Д.', 5),
(507, 26, 2019, 1, 'Бухгалтерлік есеп', 2, NULL, 'Жуматаева Р.К.', 5),
(508, 26, 2019, 1, 'Электротехника және электроника', 3, NULL, 'Канагатова М.С.', 5),
(509, 26, 2019, 1, 'АжБН', 4, NULL, 'Жакупова А.С.', 5),
(510, 27, 2019, 1, '-----', 1, NULL, '', 1),
(511, 27, 2019, 1, '-----', 2, NULL, '', 1),
(512, 27, 2019, 1, 'ААЖ БҚ', 3, NULL, 'Кабасова А.Ж.', 1),
(513, 27, 2019, 1, 'ӨжЭҮМН', 4, NULL, 'Садыкова Ж.Е.', 1),
(514, 27, 2019, 1, 'Бухгалтерлік есеп', 5, NULL, 'Шаймарданова А.К.', 1),
(515, 27, 2019, 1, 'ВКжҚДИҚ', 1, NULL, 'Кабасова А.Ж.', 2),
(516, 27, 2019, 1, 'Еңбекті қорғау', 2, NULL, 'Кабасова А.Ж.', 2),
(517, 27, 2019, 1, 'Дене тәрбиесі', 3, NULL, 'Алданов Р.А./Косбармаков А.Д.', 2),
(518, 27, 2019, 1, 'АҚ ж АҚ', 4, NULL, 'Жакупова А.С.', 2),
(519, 27, 2019, 1, 'МҚБ', 1, NULL, 'Садыкова Ж.Е.', 3),
(520, 27, 2019, 1, 'АЖБ', 2, NULL, 'Сырнай Ж.С.', 3),
(521, 27, 2019, 1, 'Дене тәрбиесі', 3, NULL, 'Алданов Р.А./Косбармаков А.Д.', 3),
(522, 27, 2019, 1, 'Бухгалтерлік есеп', 4, NULL, 'Шаймарданова А.К.', 3),
(523, 27, 2019, 1, 'ААЖ БҚ', 1, NULL, 'Кабасова А.Ж.', 4),
(524, 27, 2019, 1, 'Еңбекті қорғау', 2, NULL, 'Кабасова А.Ж.', 4),
(525, 27, 2019, 1, 'АҚ ж АҚ', 3, NULL, 'Жакупова А.С.', 4),
(526, 27, 2019, 1, 'Мемлекеттік тілде іс қағаздарын жүргізу', 4, NULL, 'Жактай А.М.', 4),
(527, 27, 2019, 1, 'ӨжЭҮМН', 1, NULL, 'Садыкова Ж.Е.', 5),
(528, 27, 2019, 1, 'ВКжҚДИҚ', 2, NULL, 'Кабасова А.Ж.', 5),
(529, 27, 2019, 1, 'МҚБ', 3, NULL, 'Садыкова Ж.Е.', 5),
(530, 28, 2019, 1, 'ӨжЭҮМН', 1, NULL, 'Садыкова Ж.Е.', 1),
(531, 28, 2019, 1, 'МҚБ', 2, NULL, 'Шойтынов Д.Р.', 1),
(532, 28, 2019, 1, 'АҚ ж АҚ', 3, NULL, 'Жакупова  А.К.', 1),
(533, 28, 2019, 1, 'ААЖ БҚ', 4, NULL, 'Сырнай Ж.С.', 1),
(534, 28, 2019, 1, 'АРжЕЖ', 1, NULL, 'Жакупова А.С.', 2),
(535, 28, 2019, 1, 'Техникалық құралдар кешені', 2, NULL, 'Сырнай Ж.С.', 2),
(536, 28, 2019, 1, 'Еңбекті қорғау', 3, NULL, 'Кабасова А.Ж.', 2),
(537, 28, 2019, 1, 'Дене тәрбиесі', 4, NULL, 'Алданов Р.А.', 2),
(538, 28, 2019, 1, 'Техникалық құралдар кешені', 1, NULL, 'Сырнай Ж.С.', 3),
(539, 28, 2019, 1, 'ӨжЭҮМН', 2, NULL, 'Садыкова Ж.Е.', 3),
(540, 28, 2019, 1, 'МҚБ', 3, NULL, 'Шойтынов Д.Р.', 3),
(541, 28, 2019, 1, '-----', 1, NULL, '', 4),
(542, 28, 2019, 1, 'ӨжЭҮМН                      Садыкова Ж.Е.', 2, NULL, 'ААЖ БҚ            Сырнай Ж.С.', 4),
(543, 28, 2019, 1, 'Еңбекті қорғау', 3, NULL, 'Кабасова А.Ж.', 4),
(544, 28, 2019, 1, 'АҚ ж АҚ', 4, NULL, 'Жакупова А.С.', 4),
(545, 28, 2019, 1, 'Дене тәрбиесі', 5, NULL, 'Алданов Р.А.', 4),
(546, 28, 2019, 1, 'АРжЕЖ', 1, NULL, 'Жакупова А.С.', 5),
(547, 28, 2019, 1, 'Техникалық құралдар кешені', 2, NULL, 'Сырнай Ж.С.', 5),
(548, 28, 2019, 1, 'ААЖ БҚ', 3, NULL, 'Сырнай Ж.С.', 5);

-- --------------------------------------------------------

--
-- Структура таблицы `students`
--

CREATE TABLE `students` (
  `id` int(11) NOT NULL,
  `surname` varchar(255) NOT NULL,
  `name` varchar(255) NOT NULL,
  `patronymic` varchar(255) DEFAULT NULL,
  `group_id` int(11) NOT NULL,
  `subgroup` int(11) DEFAULT NULL
) ENGINE=InnoDB DEFAULT CHARSET=utf8;

--
-- Дамп данных таблицы `students`
--

INSERT INTO `students` (`id`, `surname`, `name`, `patronymic`, `group_id`, `subgroup`) VALUES
(3, 'Бикулова', 'Анфиса', 'Игоревна', 1, 1),
(4, 'Жутова', 'Ангелина', 'Игоревна', 1, 1),
(5, 'Кривкова', 'Ирина', 'Николаевна', 1, 1),
(6, 'Милова', 'Мария', 'Алексеевна', 1, 2),
(7, 'Чикунов', 'Евграф', 'Аполлинариевич', 1, 2),
(8, 'Харламов', 'Валерий', 'Всеволодович', 1, 2),
(9, 'Деменкова', 'Ираида', 'Марковна', 1, 1),
(10, 'Тесла', 'Диана', 'Емельяновна', 1, 2),
(11, 'Грязнов', 'Ефрем', 'Эрнестович', 1, 1),
(12, 'Эссен', 'Ираклий', 'Евгениевич', 1, 2),
(13, 'Силиванов', 'Дмитрий', 'Феликсович', 1, 2),
(14, 'Скосырский', 'Порфирий', 'Егорович', 1, 2),
(15, 'Медведков', 'Сергей', 'Эрнестович', 1, 2),
(16, 'Барсова', 'Валерия', 'Брониславовна', 1, 1),
(17, 'Каде', 'Никанор', 'Аполлинариевич', 1, 1),
(18, 'Щепетинникова', 'Елена', 'Трофимовна', 1, 2),
(19, 'Деревсков', 'Савелий', 'Мартьянович', 1, 1),
(20, 'Гачева', 'Инна', 'Мефодиевна', 1, 1),
(21, 'Марьина', 'Аза', 'Захаровна', 1, 2),
(22, 'Муравьев', 'Валерьян', 'Онуфриевич', 1, 2),
(23, 'Игошина', 'Маргарита', 'Германовна', 1, 1),
(24, 'Гусева', 'Ираида', 'Николаевна', 1, 1),
(25, 'Трошкина', 'Берта', 'Мироновна', 1, 2),
(26, 'Серёгин', 'Казимир', 'Фролович', 1, 2),
(27, 'Гудкова', 'Елена', 'Владленовна', 1, 1),
(28, 'Сомов', 'Трофим', 'Никифорович', 1, 2),
(29, 'Сытников', 'Артём', '', 1, 2),
(30, 'Орехова', 'Анисья', 'Павеловна', 1, 2),
(31, 'Лимарова', 'Эмилия', 'Серафимовна', 1, 1),
(32, 'Черников', 'Эдуард', 'Эмилевич', 1, 2),
(33, 'Комзина', 'Фаина', 'Яновна', 1, 1),
(34, 'Лелуха', 'Валентина', 'Якововна', 1, 1),
(35, 'Кваскова', 'Ева', 'Якововна', 1, 1),
(36, 'Элинский', 'Якуб', 'Вячеславович', 1, 2),
(37, 'Казакова', 'Эмма', 'Станиславовна', 1, 1),
(38, 'Болдаев', 'Ростислав', 'Мечиславович', 1, 1);

-- --------------------------------------------------------

--
-- Структура таблицы `subjects`
--

CREATE TABLE `subjects` (
  `id` int(11) NOT NULL,
  `name` varchar(255) NOT NULL,
  `name_kz` varchar(255) DEFAULT NULL,
  `divide` int(11) NOT NULL DEFAULT 0
) ENGINE=InnoDB DEFAULT CHARSET=utf8;

--
-- Дамп данных таблицы `subjects`
--

INSERT INTO `subjects` (`id`, `name`, `name_kz`, `divide`) VALUES
(1, 'Казахский язык', NULL, 1),
(2, 'Русский язык', NULL, 0),
(3, 'Казахская литература', NULL, 0),
(4, 'Русская литература', NULL, 0),
(5, 'Иностранный язык', NULL, 1),
(6, 'Всемирная история', NULL, 0),
(7, 'История  Казахстана', NULL, 0),
(8, 'Обществознание', NULL, 0),
(9, 'Математика', NULL, 0),
(10, 'Информатика', NULL, 1),
(11, 'Физика', NULL, 0),
(12, 'Химия ', NULL, 0),
(13, 'Биология', NULL, 0),
(14, 'География', NULL, 0),
(15, 'Начальная  военная  подготовка (теория)', NULL, 0),
(16, 'ЛПС', NULL, 0),
(17, 'Физическая культура', NULL, 1),
(18, 'Профессиональный казахский язык', NULL, 1),
(19, 'Профессиональный иностранный язык', NULL, 1),
(20, 'Культурология', NULL, 0),
(21, 'Основы философии', NULL, 0),
(22, 'Основы социологии и политологии', NULL, 0),
(23, 'Основы экономики', NULL, 0),
(24, 'Основы права', NULL, 0),
(25, 'Делопроизводство на казахском языке', NULL, 0),
(26, 'Основы высшей математики', NULL, 0),
(27, 'Общая теория статистики', NULL, 0),
(28, 'Электротехника и электроника', NULL, 2),
(29, 'Основы менеджмента и маркетинга', NULL, 0),
(30, 'Операционные системы и системное обеспечение', NULL, 2),
(31, 'Основы рыночной экономики', NULL, 0),
(32, 'Weв-программирование', 'Weв-багдарламалау', 2),
(33, 'Охрана труда', NULL, 0),
(34, 'Основы алгоритмизации и программирования', NULL, 2),
(35, 'Информационные ресурсы и вычислительные сети', NULL, 2),
(36, 'Защита информации и информационная безопасность', NULL, 2),
(37, 'Автоматизированные информационные системы', NULL, 2),
(38, 'Программное обеспечение АИС', NULL, 0),
(39, 'Компьютерная геометрия и графика', NULL, 0),
(40, 'Основы моделирования производственных и экономических процессов', NULL, 2),
(41, 'Администрирование в ИС', NULL, 2),
(42, 'Мультимедиа технологии', NULL, 2),
(43, 'Бухгалтерский учет', NULL, 0),
(44, 'Комплекс технических средств', NULL, 2),
(45, 'Инструментальные средства визуальной коммуникации и прикладной дизайн', NULL, 2),
(46, 'Ознакомительная практика', NULL, 1),
(47, 'ПО АИС', NULL, 2),
(48, 'Программирование базы данных', NULL, 1),
(49, 'По бухгалтерскому учету', NULL, 0),
(50, 'По приобретению рабочей профессии', NULL, 0),
(51, 'Операционные системы и администрирование в информационных системах', NULL, 0),
(52, 'Производственная технологическая', NULL, 0),
(53, 'Преддипломная', NULL, 0),
(54, 'Дипломное проектирование', NULL, 0),
(55, 'Консультации', NULL, 0),
(56, 'Самопознание', NULL, 0),
(57, 'Краеведение', NULL, 0),
(58, 'Казахстанское право', NULL, 0),
(59, 'Основы акмеологии', NULL, 0),
(60, 'Основы потр. образования', NULL, 0),
(61, 'Основы предпринимательской деятельности', NULL, 0),
(62, 'другие', NULL, 0),
(63, 'Промежуточная аттестация', NULL, 0),
(64, 'Итоговая аттестация', NULL, 0),
(65, 'Оценка уровня профессиональной подготовленности квалификации', NULL, 0),
(66, 'Дисциплины, определяемая организацией образования (Програмирование мобильных приложении)', NULL, 2),
(67, 'Профилактика СПИД', NULL, 0),
(68, 'Основы акмеологии, личного и социального успеха', NULL, 0),
(69, 'Основы потребительского образования', NULL, 0),
(70, 'Администрирование сетевых систем', NULL, 0),
(71, 'Администрирование сетевых систем', NULL, 0),
(72, 'Создание пользовательской документации', NULL, 0),
(73, 'Поддержка пользователей', NULL, 0),
(74, 'Программное обеспечение на сетевых компьютерах', NULL, 0),
(75, 'Авторские права, этика и конфеденциальность в IT-среде', NULL, 0),
(76, 'Управление сетью и данными', NULL, 0),
(77, 'Создание сценариев для сетей', NULL, 0),
(78, 'Разработка и внедрение безопасности для сетей ИКТ', NULL, 0),
(79, 'Управление информационной безопасностью и защита информации', NULL, 0),
(80, 'Управление IT и контроль безопасности системы', NULL, 0),
(81, 'Исследование и бизнес реакция на технологии ИКТ', NULL, 0),
(82, 'Управление несиправностей в интегрированных сетях', NULL, 0),
(83, 'Разработка и внедрение безопасности беспроводных сетей', NULL, 0),
(84, 'План настройки и тестирования безопасности сервера', NULL, 0),
(85, 'Тестирование сетевой безопасности', NULL, 0),
(86, 'Внедрение безопасности в вируальные частные сети', NULL, 0),
(87, 'По разработке локальных безпроводных сетей', NULL, 0),
(88, 'По защите информации', NULL, 0),
(89, 'По установке и оптимизации программного обеспечения операционной системы', NULL, 0),
(90, 'По сетевым технологиям', NULL, 0),
(91, 'По управлению системой предотвращения вторжений на сетевые сенсоры', NULL, 0),
(92, 'По поддерживанию связей пользователей клиента', NULL, 0),
(93, 'По обеспечению процессов действительной аутентификации', NULL, 0),
(94, 'По администрированию сетевой операционной системы', NULL, 0),
(95, 'По выявлению и устранению сетевых проблем', NULL, 0),
(96, 'По обеспечению безопасности сети малого офиса и домашней сети', NULL, 0),
(97, 'По настройке сети среднего предприятия', NULL, 0),
(98, 'По построению малых корпоративных беспроводных сетей', NULL, 0),
(99, 'По выявлению стандартных диагностических тестов', NULL, 0),
(100, 'Практика на получение рабочей профессии \"Оператор Call центров\"', NULL, 0),
(101, 'Произвоственно-технологическая практика', NULL, 0),
(102, 'Преддипломная практика', NULL, 0);

-- --------------------------------------------------------

--
-- Структура таблицы `teachers`
--

CREATE TABLE `teachers` (
  `id` int(11) NOT NULL,
  `surname` varchar(255) NOT NULL,
  `name` varchar(255) NOT NULL,
  `patronymic` varchar(255) DEFAULT NULL
) ENGINE=InnoDB DEFAULT CHARSET=utf8;

--
-- Дамп данных таблицы `teachers`
--

INSERT INTO `teachers` (`id`, `surname`, `name`, `patronymic`) VALUES
(4, 'Бикулова', 'Анфиса', 'Игоревна'),
(5, 'Жутова', 'Ангелина', 'Игоревна'),
(6, 'Кривкова', 'Ирина', 'Николаевна'),
(7, 'Милова', 'Мария', 'Алексеевна'),
(8, 'Чикунов', 'Евграф', 'Аполлинариевич'),
(9, 'Харламов', 'Валерий', 'Всеволодович'),
(10, 'Деменкова', 'Ираида', 'Марковна'),
(11, 'Тесла', 'Диана', 'Емельяновна'),
(12, 'Грязнов', 'Ефрем', 'Эрнестович'),
(13, 'Эссен', 'Ираклий', 'Евгениевич'),
(14, 'Силиванов', 'Дмитрий', 'Феликсович'),
(15, 'Скосырский', 'Порфирий', 'Егорович'),
(16, 'Медведков', 'Сергей', 'Эрнестович'),
(17, 'Барсова', 'Валерия', 'Брониславовна'),
(18, 'Каде', 'Никанор', 'Аполлинариевич'),
(19, 'Щепетинникова', 'Елена', 'Трофимовна'),
(20, 'Деревсков', 'Савелий', 'Мартьянович'),
(21, 'Гачева', 'Инна', 'Мефодиевна'),
(22, 'Марьина', 'Аза', 'Захаровна'),
(23, 'Муравьев', 'Валерьян', 'Онуфриевич'),
(24, 'Игошина', 'Маргарита', 'Германовна'),
(25, 'Гусева', 'Ираида', 'Николаевна'),
(26, 'Трошкина', 'Берта', 'Мироновна'),
(27, 'Серёгин', 'Казимир', 'Фролович'),
(28, 'Гудкова', 'Елена', 'Владленовна'),
(29, 'Сомов', 'Трофим', 'Никифорович'),
(30, 'Сытников', 'Артём', ''),
(31, 'Орехова', 'Анисья', 'Павеловна'),
(32, 'Лимарова', 'Эмилия', 'Серафимовна'),
(33, 'Черников', 'Эдуард', 'Эмилевич'),
(34, 'Комзина', 'Фаина', 'Яновна'),
(35, 'Лелуха', 'Валентина', 'Якововна'),
(36, 'Кваскова', 'Ева', 'Якововна'),
(37, 'Элинский', 'Якуб', 'Вячеславович'),
(38, 'Казакова', 'Эмма', 'Станиславовна'),
(39, 'Болдаев', 'Ростислав', 'Мечиславович');

--
-- Индексы сохранённых таблиц
--

--
-- Индексы таблицы `changes`
--
ALTER TABLE `changes`
  ADD PRIMARY KEY (`id`);

--
-- Индексы таблицы `cikls`
--
ALTER TABLE `cikls`
  ADD PRIMARY KEY (`id`);

--
-- Индексы таблицы `college_graphics`
--
ALTER TABLE `college_graphics`
  ADD PRIMARY KEY (`id`);

--
-- Индексы таблицы `departments`
--
ALTER TABLE `departments`
  ADD PRIMARY KEY (`id`);

--
-- Индексы таблицы `groups`
--
ALTER TABLE `groups`
  ADD PRIMARY KEY (`id`);

--
-- Индексы таблицы `langs`
--
ALTER TABLE `langs`
  ADD PRIMARY KEY (`id`);

--
-- Индексы таблицы `plans`
--
ALTER TABLE `plans`
  ADD PRIMARY KEY (`id`);

--
-- Индексы таблицы `schedules`
--
ALTER TABLE `schedules`
  ADD PRIMARY KEY (`id`);

--
-- Индексы таблицы `students`
--
ALTER TABLE `students`
  ADD PRIMARY KEY (`id`);

--
-- Индексы таблицы `subjects`
--
ALTER TABLE `subjects`
  ADD PRIMARY KEY (`id`);

--
-- Индексы таблицы `teachers`
--
ALTER TABLE `teachers`
  ADD PRIMARY KEY (`id`);

--
-- AUTO_INCREMENT для сохранённых таблиц
--

--
-- AUTO_INCREMENT для таблицы `changes`
--
ALTER TABLE `changes`
  MODIFY `id` int(11) NOT NULL AUTO_INCREMENT, AUTO_INCREMENT=75;

--
-- AUTO_INCREMENT для таблицы `cikls`
--
ALTER TABLE `cikls`
  MODIFY `id` int(11) NOT NULL AUTO_INCREMENT, AUTO_INCREMENT=11;

--
-- AUTO_INCREMENT для таблицы `college_graphics`
--
ALTER TABLE `college_graphics`
  MODIFY `id` int(11) NOT NULL AUTO_INCREMENT, AUTO_INCREMENT=3;

--
-- AUTO_INCREMENT для таблицы `departments`
--
ALTER TABLE `departments`
  MODIFY `id` int(11) NOT NULL AUTO_INCREMENT, AUTO_INCREMENT=3;

--
-- AUTO_INCREMENT для таблицы `groups`
--
ALTER TABLE `groups`
  MODIFY `id` int(11) NOT NULL AUTO_INCREMENT, AUTO_INCREMENT=29;

--
-- AUTO_INCREMENT для таблицы `langs`
--
ALTER TABLE `langs`
  MODIFY `id` int(11) NOT NULL AUTO_INCREMENT, AUTO_INCREMENT=3;

--
-- AUTO_INCREMENT для таблицы `plans`
--
ALTER TABLE `plans`
  MODIFY `id` int(11) NOT NULL AUTO_INCREMENT, AUTO_INCREMENT=683;

--
-- AUTO_INCREMENT для таблицы `schedules`
--
ALTER TABLE `schedules`
  MODIFY `id` int(11) NOT NULL AUTO_INCREMENT, AUTO_INCREMENT=549;

--
-- AUTO_INCREMENT для таблицы `students`
--
ALTER TABLE `students`
  MODIFY `id` int(11) NOT NULL AUTO_INCREMENT, AUTO_INCREMENT=39;

--
-- AUTO_INCREMENT для таблицы `subjects`
--
ALTER TABLE `subjects`
  MODIFY `id` int(11) NOT NULL AUTO_INCREMENT, AUTO_INCREMENT=103;

--
-- AUTO_INCREMENT для таблицы `teachers`
--
ALTER TABLE `teachers`
  MODIFY `id` int(11) NOT NULL AUTO_INCREMENT, AUTO_INCREMENT=40;
COMMIT;

/*!40101 SET CHARACTER_SET_CLIENT=@OLD_CHARACTER_SET_CLIENT */;
/*!40101 SET CHARACTER_SET_RESULTS=@OLD_CHARACTER_SET_RESULTS */;
/*!40101 SET COLLATION_CONNECTION=@OLD_COLLATION_CONNECTION */;
